title,description,species,tissue,platform,externalLink,bilCode
MERFISH Imaging of mesocorticolimbic regions in the mouse brain (infected with EcoHIV virus; icv),"This dataset is generated by MERFISH (Multiplexed Error-Robust Fluorescence In Situ Hybridization) experiments with a 300 gene panel on whole brain coronal sections covering major mesocorticolimbic areas (e.g. PFC, ventral STR, TH, etc). Briefly, after classifying transcriptomic cell types from the MERFISH expression of cell type marker genes among 300 genes, we identified cell types showing differential expressions of Eco-HIV infection-related genes in brain regions of interest.",Mouse,Brain,MERFISH,https://api.brainimagelibrary.org/web/view?bildid=ace-dip-vat,ace-dip-vat
MERFISH Imaging of mesocorticolimbic regions in the mouse brain (infected with EcoHIV virus; systemic),"This dataset is generated by MERFISH (Multiplexed Error-Robust Fluorescence In Situ Hybridization) experiments with a 300 gene panel on whole brain coronal sections covering major mesocorticolimbic areas (e.g. PFC, ventral STR, TH, etc). Briefly, after classifying transcriptomic cell types from the MERFISH expression of cell type marker genes among 300 genes, we identified cell types showing differential expressions of Eco-HIV infection-related genes in brain regions of interest.",Mouse,Brain,MERFISH,https://api.brainimagelibrary.org/web/view?bildid=ace-dip-van,ace-dip-van
MERFISH Imaging of mesocorticolimbic regions in the mouse brain (infected with control virus; systemic),"This dataset is generated by MERFISH (Multiplexed Error-Robust Fluorescence In Situ Hybridization) experiments with a 300 gene panel on whole brain coronal sections covering major mesocorticolimbic areas (e.g. PFC, ventral STR, TH, etc). Briefly, after classifying transcriptomic cell types from the MERFISH expression of cell type marker genes among 300 genes, we identified cell types showing differential expressions of Eco-HIV infection-related genes in brain regions of interest.",Mouse,Brain,MERFISH,https://api.brainimagelibrary.org/web/view?bildid=ace-dip-use,ace-dip-use
MERFISH Imaging of mesocorticolimbic regions in the mouse brain (Chronic cocaine for 7 Days + 3 Days withdrawal),"This dataset is generated by MERFISH (Multiplexed Error-Robust Fluorescence In Situ Hybridization) experiments with a 300 gene panel on whole brain coronal sections covering major mesocorticolimbic areas (e.g. PFC, ventral STR, TH, etc). Briefly, after classifying transcriptomic cell types from the MERFISH expression of cell type marker genes among 300 genes, we identified cell types showing differential expressions of cocaine-related genes in brain regions of interest.",Mouse,Brain,MERFISH,https://api.brainimagelibrary.org/web/view?bildid=ace-dip-tug,ace-dip-tug
MERFISH Imaging of mesocorticolimbic regions in the mouse brain (Chronic saline for 7 Days + 3 Days withdrawal),"This dataset is generated by MERFISH (Multiplexed Error-Robust Fluorescence In Situ Hybridization) experiments with a 300 gene panel on whole brain coronal sections covering major mesocorticolimbic areas (e.g. PFC, ventral STR, TH, etc). Briefly, after classifying transcriptomic cell types from the MERFISH expression of cell type marker genes among 300 genes, we identified cell types showing differential expressions of cocaine-related genes in brain regions of interest.",Mouse,Brain,MERFISH,https://api.brainimagelibrary.org/web/view?bildid=ace-dip-tub,ace-dip-tub
VA00265 300-gene MERFISH results of a GW24 human prefrontal cortex,"This dataset is part of a set of MERFISH experiments to identify the cell types and their locations in the developing human prefrontal cortex. To generate a spatiotemporal atlas of individual cell types and major neuronal lineages in the developing human cerebral cortex, we performed spatial transcriptomic analysis using MERFISH in the prefrontal cortex. These data allow precise quantification of molecularly defined cell types as well as mapping their spatial distributions in a tissue context.",Human,Brain,MERFISH,https://api.brainimagelibrary.org/web/view?bildid=ace-can-ink,ace-can-ink
VA00265 300-gene MERFISH results of a GW34 human prefrontal cortex,"This dataset is part of a set of MERFISH experiments to identify the cell types and their locations in the developing human prefrontal cortex. To generate a spatiotemporal atlas of individual cell types and major neuronal lineages in the developing human cerebral cortex, we performed spatial transcriptomic analysis using MERFISH in the prefrontal cortex. These data allow precise quantification of molecularly defined cell types as well as mapping their spatial distributions in a tissue context.",Human,Brain,MERFISH,https://api.brainimagelibrary.org/web/view?bildid=ace-can-imp,ace-can-imp
VA00265 300-gene MERFISH results of a GW20 human prefrontal cortex,"This dataset is part of a set of MERFISH experiments to identify the cell types and their locations in the developing human prefrontal cortex. To generate a spatiotemporal atlas of individual cell types and major neuronal lineages in the developing human cerebral cortex, we performed spatial transcriptomic analysis using MERFISH in the prefrontal cortex. These data allow precise quantification of molecularly defined cell types as well as mapping their spatial distributions in a tissue context.",Human,Brain,MERFISH,https://api.brainimagelibrary.org/web/view?bildid=ace-can-ill,ace-can-ill
VA00265 300-gene MERFISH results of a GW34 human visual cortex,This dataset is part of a set of MERFISH experiments to identify the cell types and their locations in the developing human visual cortex.,Human,Brain,MERFISH,https://api.brainimagelibrary.org/web/view?bildid=ace-dry-dry,ace-dry-dry
VA00265 300-gene MERFISH results of a GW24 human visual cortex,This dataset is part of a set of MERFISH experiments to identify the cell types and their locations in the developing human visual cortex.,Human,Brain,MERFISH,https://api.brainimagelibrary.org/web/view?bildid=ace-dry-dog,ace-dry-dog
Mouse whole-brain transcriptomic cell type atlas - MERSCOPE v1 : 725724,"Spatial transcriptomics atlas of the entire brain of a developing mouse (P20). We profiled 500 genes which were selected to maximize our ability to relate each cell to one of the 5200 cell types defined in our RNAseq-based taxonomy. We image 14 µm section which were acquired at an interval of 200 µm. Individual cell were identified using cell segmentation algorithms to a total of ~7 million cells. The MERFISH datasets not only provide the possibility for accurate spatial annotation of major cell types at subclass level, but also reveal very fine resolution spatial distinctions or gradients for cell types within each subclass.",Mouse,Brain,MERFISH,https://api.brainimagelibrary.org/web/view?bildid=ace-jig-eel,ace-jig-eel
Mouse whole-brain transcriptomic cell type atlas - MERSCOPE v1,"Spatial transcriptomics atlas of the entire brain of a developing mouse (P28). We profiled 500 genes which were selected to maximize our ability to relate each cell to one of the 5200 cell types defined in our RNAseq-based taxonomy. We image 10 µm section which were acquired at an interval of 200 µm. Individual cell were identified using cell segmentation algorithms to a total of ~5 million cells. The MERFISH datasets not only provide the possibility for accurate spatial annotation of major cell types at subclass level, but also reveal very fine resolution spatial distinctions or gradients for cell types within each subclass.",Mouse,Brain,MERFISH,https://api.brainimagelibrary.org/web/view?bildid=ace-ear-dud,ace-ear-dud
Mouse whole-brain transcriptomic cell type atlas - MERSCOPE v1,"Spatial transcriptomics atlas of the entire brain of a developing mouse (P28). We profiled 500 genes which were selected to maximize our ability to relate each cell to one of the 5200 cell types defined in our RNAseq-based taxonomy. We image 10 µm section which were acquired at an interval of 200 µm. Individual cell were identified using cell segmentation algorithms to a total of ~5 million cells. The MERFISH datasets not only provide the possibility for accurate spatial annotation of major cell types at subclass level, but also reveal very fine resolution spatial distinctions or gradients for cell types within each subclass.",Mouse,Brain,MERFISH,https://api.brainimagelibrary.org/web/view?bildid=ace-dug-fin,ace-dug-fin
Mouse whole-brain transcriptomic cell type atlas - MERSCOPE v1,"Spatial transcriptomics atlas of the entire brain of a developing mouse (P28). We profiled 500 genes which were selected to maximize our ability to relate each cell to one of the 5200 cell types defined in our RNAseq-based taxonomy. We image 10 µm section which were acquired at an interval of 200 µm. Individual cell were identified using cell segmentation algorithms to a total of ~5 million cells. The MERFISH datasets not only provide the possibility for accurate spatial annotation of major cell types at subclass level, but also reveal very fine resolution spatial distinctions or gradients for cell types within each subclass.",Mouse,Brain,MERFISH,https://api.brainimagelibrary.org/web/view?bildid=ace-dug-fig,ace-dug-fig
Mouse whole-brain transcriptomic cell type atlas - MERSCOPE v1,"Spatial transcriptomics atlas of the entire brain of an adult female mouse (P56). We profiled 500 genes which were selected to maximize our ability to relate each cell to one of the 5200 cell types defined in our RNAseq-based taxonomy. We image 10 µm section which were acquired at an interval of 200 µm. Individual cell were identified using cell segmentation algorithms to a total of ~4 million cells. The MERFISH datasets not only provide the possibility for accurate spatial annotation of major cell types at subclass level, but also reveal very fine resolution spatial distinctions or gradients for cell types within each subclass.",Mouse,Brain,MERFISH,https://api.brainimagelibrary.org/web/view?bildid=ace-dim-nut,ace-dim-nut
Mouse whole-brain transcriptomic cell type atlas - MERSCOPE v1: 609889,"Spatial transcriptomics atlas of the entire brain of an adult male mouse (P56). We profiled 500 genes which were selected to maximize our ability to relate each cell to one of the 5200 cell types defined in our RNAseq-based taxonomy. We image 10 µm section which were acquired at an interval of 100 µm. Individual cell were identified using cell segmentation algorithms to a total of ~5 million cells. The MERFISH datasets not only provide the possibility for accurate spatial annotation of major cell types at subclass level, but also reveal very fine resolution spatial distinctions or gradients for cell types within each subclass.",Mouse,Brain,MERFISH,https://api.brainimagelibrary.org/web/view?bildid=ace-den-fog,ace-den-fog
Mouse whole-brain transcriptomic cell type atlas - MERSCOPE v1: 638850,"Spatial transcriptomics atlas of the entire brain of an adult female mouse (P56). We profiled 500 genes which were selected to maximize our ability to relate each cell to one of the 5200 cell types defined in our RNAseq-based taxonomy. We image 10 µm section which were acquired at an interval of 200 µm. Individual cell were identified using cell segmentation algorithms to a total of ~4 million cells. The MERFISH datasets not only provide the possibility for accurate spatial annotation of major cell types at subclass level, but also reveal very fine resolution spatial distinctions or gradients for cell types within each subclass.",Mouse,Brain,MERFISH,https://api.brainimagelibrary.org/web/view?bildid=ace-den-fix,ace-den-fix
Mouse whole-brain transcriptomic cell type atlas - MERSCOPE v1: 609882,"Spatial transcriptomics atlas of the entire brain of an adult female mouse (P56). We profiled 500 genes which were selected to maximize our ability to relate each cell to one of the 5200 cell types defined in our RNAseq-based taxonomy. We image 10 µm section which were acquired at an interval of 100 µm. Individual cell were identified using cell segmentation algorithms to a total of ~6.5 million cells. The MERFISH datasets not only provide the possibility for accurate spatial annotation of major cell types at subclass level, but also reveal very fine resolution spatial distinctions or gradients for cell types within each subclass.",Mouse,Brain,MERFISH,https://api.brainimagelibrary.org/web/view?bildid=ace-den-fly,ace-den-fly
VA00265 300-gene MERFISH results of an infancy stage human visual cortex,This dataset is part of a set of MERFISH experiments to identify the cell types and their locations in the developing human visual cortex.,Human,Brain,MERFISH,https://api.brainimagelibrary.org/web/view?bildid=ace-dry-dub,ace-dry-dub
VA00265 300-gene MERFISH results of an infancy stage human prefrontal cortex,This dataset is part of a set of MERFISH experiments to identify the cell types and their locations in the developing human prefrontal cortex.,Human,Brain,MERFISH,https://api.brainimagelibrary.org/web/view?bildid=ace-dry-dip,ace-dry-dip
P20 Mouse whole-brain transcriptomic cell type atlas - MERSCOPE v1 o - 669324,MERFISH imaging of 10 µm sections of C57BL/6J mouse brain that covers the entire brain. Individual sections are taken at 200 µm interval.,Mouse,Brain,MERFISH,https://api.brainimagelibrary.org/web/view?bildid=ace-den-hen,ace-den-hen
Perturb-FISH simultaneous CRISPR screening and spatial transcriptomics in astrocytes,"Pooled optical screens have enabled the study of cellular interactions, morphology, or dynamics at massive scale, but have not yet leveraged the power of highly-plexed single-cell resolved transcriptomic readouts to inform molecular pathways. Here, we present Perturb-FISH, which bridges these approaches by combining imaging spatial transcriptomics with parallel optical detection of in situ amplified guide RNAs. We show that Perturb-FISH recovers intracellular effects that are consistent with Perturb-seq results in a screen of lipopolysaccharide response in cultured monocytes, and uncover new intercellular and density-dependent regulation of the innate immune response. We further pair Perturb-FISH with a functional readout in a screen of autism spectrum disorder risk genes, showing common calcium activity phenotypes in induced pluripotent stem cell derived astrocytes and their associated genetic interactions and dysregulated molecular pathways. Perturb-FISH is thus a generally applicable method for studying the genetic and molecular associations of spatial and functional biology at single-cell resolution.",Human,Brain,MERFISH,https://api.brainimagelibrary.org/web/view?bildid=ace-gem-get,ace-gem-get
Developing mouse whole-brain transcriptomic cell type atlas - MERSCOPE v1: 1296400199,"Spatial transcriptomics atlas of the entire brain of a developing mouse (P28). We profiled 500 genes which were selected to maximize our ability to relate each cell to one of the 5200 cell types defined in our RNAseq-based taxonomy. We image 10 µm section which were acquired at an interval of 200 µm. Individual cell were identified using cell segmentation algorithms to a total of ~6 million cells. The MERFISH datasets not only provide the possibility for accurate spatial annotation of major cell types at subclass level, but also reveal very fine resolution spatial distinctions or gradients for cell types within each subclass.",Mouse,Brain,MERFISH,https://api.brainimagelibrary.org/web/view?bildid=ace-low-cub,ace-low-cub
Developing mouse whole-brain transcriptomic cell type atlas - MERSCOPE v1: 1296400202,"Spatial transcriptomics atlas of the entire brain of a developing mouse (P28). We profiled 500 genes which were selected to maximize our ability to relate each cell to one of the 5200 cell types defined in our RNAseq-based taxonomy. We image 10 µm section which were acquired at an interval of 200 µm. Individual cell were identified using cell segmentation algorithms to a total of ~6 million cells. The MERFISH datasets not only provide the possibility for accurate spatial annotation of major cell types at subclass level, but also reveal very fine resolution spatial distinctions or gradients for cell types within each subclass.",Mouse,Brain,MERFISH,https://api.brainimagelibrary.org/web/view?bildid=ace-low-cry,ace-low-cry
Developing mouse whole-brain transcriptomic cell type atlas - MERSCOPE v1: 1296400205,"Spatial transcriptomics atlas of the entire brain of a developing mouse (P28). We profiled 500 genes which were selected to maximize our ability to relate each cell to one of the 5200 cell types defined in our RNAseq-based taxonomy. We image 10 µm section which were acquired at an interval of 200 µm. Individual cell were identified using cell segmentation algorithms to a total of ~6 million cells. The MERFISH datasets not only provide the possibility for accurate spatial annotation of major cell types at subclass level, but also reveal very fine resolution spatial distinctions or gradients for cell types within each subclass.",Mouse,Brain,MERFISH,https://api.brainimagelibrary.org/web/view?bildid=ace-low-cow,ace-low-cow
Developing mouse whole-brain transcriptomic cell type atlas - MERSCOPE v1: 1296400208,"Spatial transcriptomics atlas of the entire brain of a developing mouse (P28). We profiled 500 genes which were selected to maximize our ability to relate each cell to one of the 5200 cell types defined in our RNAseq-based taxonomy. We image 10 µm section which were acquired at an interval of 200 µm. Individual cell were identified using cell segmentation algorithms to a total of ~6 million cells. The MERFISH datasets not only provide the possibility for accurate spatial annotation of major cell types at subclass level, but also reveal very fine resolution spatial distinctions or gradients for cell types within each subclass.",Mouse,Brain,MERFISH,https://api.brainimagelibrary.org/web/view?bildid=ace-low-cot,ace-low-cot
Developing mouse whole-brain transcriptomic cell type atlas - MERSCOPE v1: 1296400211,"Spatial transcriptomics atlas of the entire brain of a developing mouse (P28). We profiled 500 genes which were selected to maximize our ability to relate each cell to one of the 5200 cell types defined in our RNAseq-based taxonomy. We image 10 µm section which were acquired at an interval of 200 µm. Individual cell were identified using cell segmentation algorithms to a total of ~6 million cells. The MERFISH datasets not only provide the possibility for accurate spatial annotation of major cell types at subclass level, but also reveal very fine resolution spatial distinctions or gradients for cell types within each subclass.",Mouse,Brain,MERFISH,https://api.brainimagelibrary.org/web/view?bildid=ace-low-cop,ace-low-cop
Developing mouse whole-brain transcriptomic cell type atlas - MERSCOPE v1: 1296400214,"Spatial transcriptomics atlas of the entire brain of a developing mouse (P28). We profiled 500 genes which were selected to maximize our ability to relate each cell to one of the 5200 cell types defined in our RNAseq-based taxonomy. We image 10 µm section which were acquired at an interval of 200 µm. Individual cell were identified using cell segmentation algorithms to a total of ~6 million cells. The MERFISH datasets not only provide the possibility for accurate spatial annotation of major cell types at subclass level, but also reveal very fine resolution spatial distinctions or gradients for cell types within each subclass.",Mouse,Brain,MERFISH,https://api.brainimagelibrary.org/web/view?bildid=ace-low-cat,ace-low-cat
Developing mouse whole-brain transcriptomic cell type atlas - MERSCOPE v1: 1296400217,"Spatial transcriptomics atlas of the entire brain of a developing mouse (P28). We profiled 500 genes which were selected to maximize our ability to relate each cell to one of the 5200 cell types defined in our RNAseq-based taxonomy. We image 10 µm section which were acquired at an interval of 200 µm. Individual cell were identified using cell segmentation algorithms to a total of ~6 million cells. The MERFISH datasets not only provide the possibility for accurate spatial annotation of major cell types at subclass level, but also reveal very fine resolution spatial distinctions or gradients for cell types within each subclass.",Mouse,Brain,MERFISH,https://api.brainimagelibrary.org/web/view?bildid=ace-low-car,ace-low-car
Developing mouse whole-brain transcriptomic cell type atlas - MERSCOPE v1: 1296400220,"Spatial transcriptomics atlas of the entire brain of a developing mouse (P28). We profiled 500 genes which were selected to maximize our ability to relate each cell to one of the 5200 cell types defined in our RNAseq-based taxonomy. We image 10 µm section which were acquired at an interval of 200 µm. Individual cell were identified using cell segmentation algorithms to a total of ~6 million cells. The MERFISH datasets not only provide the possibility for accurate spatial annotation of major cell types at subclass level, but also reveal very fine resolution spatial distinctions or gradients for cell types within each subclass.",Mouse,Brain,MERFISH,https://api.brainimagelibrary.org/web/view?bildid=ace-low-cap,ace-low-cap
Developing mouse whole-brain transcriptomic cell type atlas - MERSCOPE v1: 1296400223,"Spatial transcriptomics atlas of the entire brain of a developing mouse (P28). We profiled 500 genes which were selected to maximize our ability to relate each cell to one of the 5200 cell types defined in our RNAseq-based taxonomy. We image 10 µm section which were acquired at an interval of 200 µm. Individual cell were identified using cell segmentation algorithms to a total of ~6 million cells. The MERFISH datasets not only provide the possibility for accurate spatial annotation of major cell types at subclass level, but also reveal very fine resolution spatial distinctions or gradients for cell types within each subclass.",Mouse,Brain,MERFISH,https://api.brainimagelibrary.org/web/view?bildid=ace-low-can,ace-low-can
Developing mouse whole-brain transcriptomic cell type atlas - MERSCOPE v1: 1296400226,"Spatial transcriptomics atlas of the entire brain of a developing mouse (P28). We profiled 500 genes which were selected to maximize our ability to relate each cell to one of the 5200 cell types defined in our RNAseq-based taxonomy. We image 10 µm section which were acquired at an interval of 200 µm. Individual cell were identified using cell segmentation algorithms to a total of ~6 million cells. The MERFISH datasets not only provide the possibility for accurate spatial annotation of major cell types at subclass level, but also reveal very fine resolution spatial distinctions or gradients for cell types within each subclass.",Mouse,Brain,MERFISH,https://api.brainimagelibrary.org/web/view?bildid=ace-low-cab,ace-low-cab
Developing mouse whole-brain transcriptomic cell type atlas - MERSCOPE v1: 1296400230,"Spatial transcriptomics atlas of the entire brain of a developing mouse (P28). We profiled 500 genes which were selected to maximize our ability to relate each cell to one of the 5200 cell types defined in our RNAseq-based taxonomy. We image 10 µm section which were acquired at an interval of 200 µm. Individual cell were identified using cell segmentation algorithms to a total of ~6 million cells. The MERFISH datasets not only provide the possibility for accurate spatial annotation of major cell types at subclass level, but also reveal very fine resolution spatial distinctions or gradients for cell types within each subclass.",Mouse,Brain,MERFISH,https://api.brainimagelibrary.org/web/view?bildid=ace-low-bus,ace-low-bus
Developing mouse whole-brain transcriptomic cell type atlas - MERSCOPE v1: 1296400233,"Spatial transcriptomics atlas of the entire brain of a developing mouse (P28). We profiled 500 genes which were selected to maximize our ability to relate each cell to one of the 5200 cell types defined in our RNAseq-based taxonomy. We image 10 µm section which were acquired at an interval of 200 µm. Individual cell were identified using cell segmentation algorithms to a total of ~6 million cells. The MERFISH datasets not only provide the possibility for accurate spatial annotation of major cell types at subclass level, but also reveal very fine resolution spatial distinctions or gradients for cell types within each subclass.",Mouse,Brain,MERFISH,https://api.brainimagelibrary.org/web/view?bildid=ace-low-bun,ace-low-bun
Developing mouse whole-brain transcriptomic cell type atlas - MERSCOPE v1: 1296400236,"Spatial transcriptomics atlas of the entire brain of a developing mouse (P28). We profiled 500 genes which were selected to maximize our ability to relate each cell to one of the 5200 cell types defined in our RNAseq-based taxonomy. We image 10 µm section which were acquired at an interval of 200 µm. Individual cell were identified using cell segmentation algorithms to a total of ~6 million cells. The MERFISH datasets not only provide the possibility for accurate spatial annotation of major cell types at subclass level, but also reveal very fine resolution spatial distinctions or gradients for cell types within each subclass.",Mouse,Brain,MERFISH,https://api.brainimagelibrary.org/web/view?bildid=ace-low-bug,ace-low-bug
Developing mouse whole-brain transcriptomic cell type atlas - MERSCOPE v1: 1296400239,"Spatial transcriptomics atlas of the entire brain of a developing mouse (P28). We profiled 500 genes which were selected to maximize our ability to relate each cell to one of the 5200 cell types defined in our RNAseq-based taxonomy. We image 10 µm section which were acquired at an interval of 200 µm. Individual cell were identified using cell segmentation algorithms to a total of ~6 million cells. The MERFISH datasets not only provide the possibility for accurate spatial annotation of major cell types at subclass level, but also reveal very fine resolution spatial distinctions or gradients for cell types within each subclass.",Mouse,Brain,MERFISH,https://api.brainimagelibrary.org/web/view?bildid=ace-low-bud,ace-low-bud
Developing mouse whole-brain transcriptomic cell type atlas - MERSCOPE v1: 1296400242,"Spatial transcriptomics atlas of the entire brain of a developing mouse (P28). We profiled 500 genes which were selected to maximize our ability to relate each cell to one of the 5200 cell types defined in our RNAseq-based taxonomy. We image 10 µm section which were acquired at an interval of 200 µm. Individual cell were identified using cell segmentation algorithms to a total of ~6 million cells. The MERFISH datasets not only provide the possibility for accurate spatial annotation of major cell types at subclass level, but also reveal very fine resolution spatial distinctions or gradients for cell types within each subclass.",Mouse,Brain,MERFISH,https://api.brainimagelibrary.org/web/view?bildid=ace-low-box,ace-low-box
Developing mouse whole-brain transcriptomic cell type atlas - MERSCOPE v1: 1296400245,"Spatial transcriptomics atlas of the entire brain of a developing mouse (P28). We profiled 500 genes which were selected to maximize our ability to relate each cell to one of the 5200 cell types defined in our RNAseq-based taxonomy. We image 10 µm section which were acquired at an interval of 200 µm. Individual cell were identified using cell segmentation algorithms to a total of ~6 million cells. The MERFISH datasets not only provide the possibility for accurate spatial annotation of major cell types at subclass level, but also reveal very fine resolution spatial distinctions or gradients for cell types within each subclass.",Mouse,Brain,MERFISH,https://api.brainimagelibrary.org/web/view?bildid=ace-low-boo,ace-low-boo
Developing mouse whole-brain transcriptomic cell type atlas - MERSCOPE v1: 1296400248,"Spatial transcriptomics atlas of the entire brain of a developing mouse (P28). We profiled 500 genes which were selected to maximize our ability to relate each cell to one of the 5200 cell types defined in our RNAseq-based taxonomy. We image 10 µm section which were acquired at an interval of 200 µm. Individual cell were identified using cell segmentation algorithms to a total of ~6 million cells. The MERFISH datasets not only provide the possibility for accurate spatial annotation of major cell types at subclass level, but also reveal very fine resolution spatial distinctions or gradients for cell types within each subclass.",Mouse,Brain,MERFISH,https://api.brainimagelibrary.org/web/view?bildid=ace-low-bog,ace-low-bog
Developing mouse whole-brain transcriptomic cell type atlas - MERSCOPE v1: 1296400251,"Spatial transcriptomics atlas of the entire brain of a developing mouse (P28). We profiled 500 genes which were selected to maximize our ability to relate each cell to one of the 5200 cell types defined in our RNAseq-based taxonomy. We image 10 µm section which were acquired at an interval of 200 µm. Individual cell were identified using cell segmentation algorithms to a total of ~6 million cells. The MERFISH datasets not only provide the possibility for accurate spatial annotation of major cell types at subclass level, but also reveal very fine resolution spatial distinctions or gradients for cell types within each subclass.",Mouse,Brain,MERFISH,https://api.brainimagelibrary.org/web/view?bildid=ace-low-bit,ace-low-bit
Developing mouse whole-brain transcriptomic cell type atlas - MERSCOPE v1: 1296400254,"Spatial transcriptomics atlas of the entire brain of a developing mouse (P28). We profiled 500 genes which were selected to maximize our ability to relate each cell to one of the 5200 cell types defined in our RNAseq-based taxonomy. We image 10 µm section which were acquired at an interval of 200 µm. Individual cell were identified using cell segmentation algorithms to a total of ~6 million cells. The MERFISH datasets not only provide the possibility for accurate spatial annotation of major cell types at subclass level, but also reveal very fine resolution spatial distinctions or gradients for cell types within each subclass.",Mouse,Brain,MERFISH,https://api.brainimagelibrary.org/web/view?bildid=ace-low-bin,ace-low-bin
Developing mouse whole-brain transcriptomic cell type atlas - MERSCOPE v1: 1296400257,"Spatial transcriptomics atlas of the entire brain of a developing mouse (P28). We profiled 500 genes which were selected to maximize our ability to relate each cell to one of the 5200 cell types defined in our RNAseq-based taxonomy. We image 10 µm section which were acquired at an interval of 200 µm. Individual cell were identified using cell segmentation algorithms to a total of ~6 million cells. The MERFISH datasets not only provide the possibility for accurate spatial annotation of major cell types at subclass level, but also reveal very fine resolution spatial distinctions or gradients for cell types within each subclass.",Mouse,Brain,MERFISH,https://api.brainimagelibrary.org/web/view?bildid=ace-low-big,ace-low-big
Developing mouse whole-brain transcriptomic cell type atlas - MERSCOPE v1: 1296400260,"Spatial transcriptomics atlas of the entire brain of a developing mouse (P28). We profiled 500 genes which were selected to maximize our ability to relate each cell to one of the 5200 cell types defined in our RNAseq-based taxonomy. We image 10 µm section which were acquired at an interval of 200 µm. Individual cell were identified using cell segmentation algorithms to a total of ~6 million cells. The MERFISH datasets not only provide the possibility for accurate spatial annotation of major cell types at subclass level, but also reveal very fine resolution spatial distinctions or gradients for cell types within each subclass.",Mouse,Brain,MERFISH,https://api.brainimagelibrary.org/web/view?bildid=ace-low-bid,ace-low-bid
Developing mouse whole-brain transcriptomic cell type atlas - MERSCOPE v1: 1296400263,"Spatial transcriptomics atlas of the entire brain of a developing mouse (P28). We profiled 500 genes which were selected to maximize our ability to relate each cell to one of the 5200 cell types defined in our RNAseq-based taxonomy. We image 10 µm section which were acquired at an interval of 200 µm. Individual cell were identified using cell segmentation algorithms to a total of ~6 million cells. The MERFISH datasets not only provide the possibility for accurate spatial annotation of major cell types at subclass level, but also reveal very fine resolution spatial distinctions or gradients for cell types within each subclass.",Mouse,Brain,MERFISH,https://api.brainimagelibrary.org/web/view?bildid=ace-low-bet,ace-low-bet
Developing mouse whole-brain transcriptomic cell type atlas - MERSCOPE v1: 1296400266,"Spatial transcriptomics atlas of the entire brain of a developing mouse (P28). We profiled 500 genes which were selected to maximize our ability to relate each cell to one of the 5200 cell types defined in our RNAseq-based taxonomy. We image 10 µm section which were acquired at an interval of 200 µm. Individual cell were identified using cell segmentation algorithms to a total of ~6 million cells. The MERFISH datasets not only provide the possibility for accurate spatial annotation of major cell types at subclass level, but also reveal very fine resolution spatial distinctions or gradients for cell types within each subclass.",Mouse,Brain,MERFISH,https://api.brainimagelibrary.org/web/view?bildid=ace-low-bed,ace-low-bed
Developing mouse whole-brain transcriptomic cell type atlas - MERSCOPE v1: 1296400269,"Spatial transcriptomics atlas of the entire brain of a developing mouse (P28). We profiled 500 genes which were selected to maximize our ability to relate each cell to one of the 5200 cell types defined in our RNAseq-based taxonomy. We image 10 µm section which were acquired at an interval of 200 µm. Individual cell were identified using cell segmentation algorithms to a total of ~6 million cells. The MERFISH datasets not only provide the possibility for accurate spatial annotation of major cell types at subclass level, but also reveal very fine resolution spatial distinctions or gradients for cell types within each subclass.",Mouse,Brain,MERFISH,https://api.brainimagelibrary.org/web/view?bildid=ace-low-bay,ace-low-bay
Developing mouse whole-brain transcriptomic cell type atlas - MERSCOPE v1: 1296400272,"Spatial transcriptomics atlas of the entire brain of a developing mouse (P28). We profiled 500 genes which were selected to maximize our ability to relate each cell to one of the 5200 cell types defined in our RNAseq-based taxonomy. We image 10 µm section which were acquired at an interval of 200 µm. Individual cell were identified using cell segmentation algorithms to a total of ~6 million cells. The MERFISH datasets not only provide the possibility for accurate spatial annotation of major cell types at subclass level, but also reveal very fine resolution spatial distinctions or gradients for cell types within each subclass.",Mouse,Brain,MERFISH,https://api.brainimagelibrary.org/web/view?bildid=ace-low-bat,ace-low-bat
Developing mouse whole-brain transcriptomic cell type atlas - MERSCOPE v1: 1296400275,"Spatial transcriptomics atlas of the entire brain of a developing mouse (P28). We profiled 500 genes which were selected to maximize our ability to relate each cell to one of the 5200 cell types defined in our RNAseq-based taxonomy. We image 10 µm section which were acquired at an interval of 200 µm. Individual cell were identified using cell segmentation algorithms to a total of ~6 million cells. The MERFISH datasets not only provide the possibility for accurate spatial annotation of major cell types at subclass level, but also reveal very fine resolution spatial distinctions or gradients for cell types within each subclass.",Mouse,Brain,MERFISH,https://api.brainimagelibrary.org/web/view?bildid=ace-low-bar,ace-low-bar
Developing mouse whole-brain transcriptomic cell type atlas - MERSCOPE v1: 1296400281,"Spatial transcriptomics atlas of the entire brain of a developing mouse (P28). We profiled 500 genes which were selected to maximize our ability to relate each cell to one of the 5200 cell types defined in our RNAseq-based taxonomy. We image 10 µm section which were acquired at an interval of 200 µm. Individual cell were identified using cell segmentation algorithms to a total of ~6 million cells. The MERFISH datasets not only provide the possibility for accurate spatial annotation of major cell types at subclass level, but also reveal very fine resolution spatial distinctions or gradients for cell types within each subclass.",Mouse,Brain,MERFISH,https://api.brainimagelibrary.org/web/view?bildid=ace-low-ban,ace-low-ban
Developing mouse whole-brain transcriptomic cell type atlas - MERSCOPE v1: 1296400284,"Spatial transcriptomics atlas of the entire brain of a developing mouse (P28). We profiled 500 genes which were selected to maximize our ability to relate each cell to one of the 5200 cell types defined in our RNAseq-based taxonomy. We image 10 µm section which were acquired at an interval of 200 µm. Individual cell were identified using cell segmentation algorithms to a total of ~6 million cells. The MERFISH datasets not only provide the possibility for accurate spatial annotation of major cell types at subclass level, but also reveal very fine resolution spatial distinctions or gradients for cell types within each subclass.",Mouse,Brain,MERFISH,https://api.brainimagelibrary.org/web/view?bildid=ace-low-bag,ace-low-bag
Developing mouse whole-brain transcriptomic cell type atlas - MERSCOPE v1: 1296400287,"Spatial transcriptomics atlas of the entire brain of a developing mouse (P28). We profiled 500 genes which were selected to maximize our ability to relate each cell to one of the 5200 cell types defined in our RNAseq-based taxonomy. We image 10 µm section which were acquired at an interval of 200 µm. Individual cell were identified using cell segmentation algorithms to a total of ~6 million cells. The MERFISH datasets not only provide the possibility for accurate spatial annotation of major cell types at subclass level, but also reveal very fine resolution spatial distinctions or gradients for cell types within each subclass.",Mouse,Brain,MERFISH,https://api.brainimagelibrary.org/web/view?bildid=ace-low-bad,ace-low-bad
Developing mouse whole-brain transcriptomic cell type atlas - MERSCOPE v1: 1296400291,"Spatial transcriptomics atlas of the entire brain of a developing mouse (P28). We profiled 500 genes which were selected to maximize our ability to relate each cell to one of the 5200 cell types defined in our RNAseq-based taxonomy. We image 10 µm section which were acquired at an interval of 200 µm. Individual cell were identified using cell segmentation algorithms to a total of ~6 million cells. The MERFISH datasets not only provide the possibility for accurate spatial annotation of major cell types at subclass level, but also reveal very fine resolution spatial distinctions or gradients for cell types within each subclass.",Mouse,Brain,MERFISH,https://api.brainimagelibrary.org/web/view?bildid=ace-low-ask,ace-low-ask
Developing mouse whole-brain transcriptomic cell type atlas - MERSCOPE v1: 1296400297,"Spatial transcriptomics atlas of the entire brain of a developing mouse (P28). We profiled 500 genes which were selected to maximize our ability to relate each cell to one of the 5200 cell types defined in our RNAseq-based taxonomy. We image 10 µm section which were acquired at an interval of 200 µm. Individual cell were identified using cell segmentation algorithms to a total of ~6 million cells. The MERFISH datasets not only provide the possibility for accurate spatial annotation of major cell types at subclass level, but also reveal very fine resolution spatial distinctions or gradients for cell types within each subclass.",Mouse,Brain,MERFISH,https://api.brainimagelibrary.org/web/view?bildid=ace-low-ash,ace-low-ash
Developing mouse whole-brain transcriptomic cell type atlas - MERSCOPE v1: 1296400300,"Spatial transcriptomics atlas of the entire brain of a developing mouse (P28). We profiled 500 genes which were selected to maximize our ability to relate each cell to one of the 5200 cell types defined in our RNAseq-based taxonomy. We image 10 µm section which were acquired at an interval of 200 µm. Individual cell were identified using cell segmentation algorithms to a total of ~6 million cells. The MERFISH datasets not only provide the possibility for accurate spatial annotation of major cell types at subclass level, but also reveal very fine resolution spatial distinctions or gradients for cell types within each subclass.",Mouse,Brain,MERFISH,https://api.brainimagelibrary.org/web/view?bildid=ace-low-art,ace-low-art
Developing mouse whole-brain transcriptomic cell type atlas - MERSCOPE v1: 1296400303,"Spatial transcriptomics atlas of the entire brain of a developing mouse (P28). We profiled 500 genes which were selected to maximize our ability to relate each cell to one of the 5200 cell types defined in our RNAseq-based taxonomy. We image 10 µm section which were acquired at an interval of 200 µm. Individual cell were identified using cell segmentation algorithms to a total of ~6 million cells. The MERFISH datasets not only provide the possibility for accurate spatial annotation of major cell types at subclass level, but also reveal very fine resolution spatial distinctions or gradients for cell types within each subclass.",Mouse,Brain,MERFISH,https://api.brainimagelibrary.org/web/view?bildid=ace-low-arm,ace-low-arm
Developing mouse whole-brain transcriptomic cell type atlas - MERSCOPE v1: 1296400306,"Spatial transcriptomics atlas of the entire brain of a developing mouse (P28). We profiled 500 genes which were selected to maximize our ability to relate each cell to one of the 5200 cell types defined in our RNAseq-based taxonomy. We image 10 µm section which were acquired at an interval of 200 µm. Individual cell were identified using cell segmentation algorithms to a total of ~6 million cells. The MERFISH datasets not only provide the possibility for accurate spatial annotation of major cell types at subclass level, but also reveal very fine resolution spatial distinctions or gradients for cell types within each subclass.",Mouse,Brain,MERFISH,https://api.brainimagelibrary.org/web/view?bildid=ace-low-ape,ace-low-ape
Developing mouse whole-brain transcriptomic cell type atlas - MERSCOPE v1: 1296400309,"Spatial transcriptomics atlas of the entire brain of a developing mouse (P28). We profiled 500 genes which were selected to maximize our ability to relate each cell to one of the 5200 cell types defined in our RNAseq-based taxonomy. We image 10 µm section which were acquired at an interval of 200 µm. Individual cell were identified using cell segmentation algorithms to a total of ~6 million cells. The MERFISH datasets not only provide the possibility for accurate spatial annotation of major cell types at subclass level, but also reveal very fine resolution spatial distinctions or gradients for cell types within each subclass.",Mouse,Brain,MERFISH,https://api.brainimagelibrary.org/web/view?bildid=ace-low-ant,ace-low-ant
Developing mouse whole-brain transcriptomic cell type atlas - MERSCOPE v1: 1296400312,"Spatial transcriptomics atlas of the entire brain of a developing mouse (P28). We profiled 500 genes which were selected to maximize our ability to relate each cell to one of the 5200 cell types defined in our RNAseq-based taxonomy. We image 10 µm section which were acquired at an interval of 200 µm. Individual cell were identified using cell segmentation algorithms to a total of ~6 million cells. The MERFISH datasets not only provide the possibility for accurate spatial annotation of major cell types at subclass level, but also reveal very fine resolution spatial distinctions or gradients for cell types within each subclass.",Mouse,Brain,MERFISH,https://api.brainimagelibrary.org/web/view?bildid=ace-low-and,ace-low-and
Developing mouse whole-brain transcriptomic cell type atlas - MERSCOPE v1: 1296400315,"Spatial transcriptomics atlas of the entire brain of a developing mouse (P28). We profiled 500 genes which were selected to maximize our ability to relate each cell to one of the 5200 cell types defined in our RNAseq-based taxonomy. We image 10 µm section which were acquired at an interval of 200 µm. Individual cell were identified using cell segmentation algorithms to a total of ~6 million cells. The MERFISH datasets not only provide the possibility for accurate spatial annotation of major cell types at subclass level, but also reveal very fine resolution spatial distinctions or gradients for cell types within each subclass.",Mouse,Brain,MERFISH,https://api.brainimagelibrary.org/web/view?bildid=ace-low-air,ace-low-air
Developing mouse whole-brain transcriptomic cell type atlas - MERSCOPE v1: 1296400318,"Spatial transcriptomics atlas of the entire brain of a developing mouse (P28). We profiled 500 genes which were selected to maximize our ability to relate each cell to one of the 5200 cell types defined in our RNAseq-based taxonomy. We image 10 µm section which were acquired at an interval of 200 µm. Individual cell were identified using cell segmentation algorithms to a total of ~6 million cells. The MERFISH datasets not only provide the possibility for accurate spatial annotation of major cell types at subclass level, but also reveal very fine resolution spatial distinctions or gradients for cell types within each subclass.",Mouse,Brain,MERFISH,https://api.brainimagelibrary.org/web/view?bildid=ace-low-aim,ace-low-aim
Developing mouse whole-brain transcriptomic cell type atlas - MERSCOPE v1: 1296400324,"Spatial transcriptomics atlas of the entire brain of a developing mouse (P28). We profiled 500 genes which were selected to maximize our ability to relate each cell to one of the 5200 cell types defined in our RNAseq-based taxonomy. We image 10 µm section which were acquired at an interval of 200 µm. Individual cell were identified using cell segmentation algorithms to a total of ~6 million cells. The MERFISH datasets not only provide the possibility for accurate spatial annotation of major cell types at subclass level, but also reveal very fine resolution spatial distinctions or gradients for cell types within each subclass.",Mouse,Brain,MERFISH,https://api.brainimagelibrary.org/web/view?bildid=ace-low-age,ace-low-age
Developing mouse whole-brain transcriptomic cell type atlas - MERSCOPE v1: 1296400327,"Spatial transcriptomics atlas of the entire brain of a developing mouse (P28). We profiled 500 genes which were selected to maximize our ability to relate each cell to one of the 5200 cell types defined in our RNAseq-based taxonomy. We image 10 µm section which were acquired at an interval of 200 µm. Individual cell were identified using cell segmentation algorithms to a total of ~6 million cells. The MERFISH datasets not only provide the possibility for accurate spatial annotation of major cell types at subclass level, but also reveal very fine resolution spatial distinctions or gradients for cell types within each subclass.",Mouse,Brain,MERFISH,https://api.brainimagelibrary.org/web/view?bildid=ace-low-add,ace-low-add
Developing mouse whole-brain transcriptomic cell type atlas - MERSCOPE v1: 1296400330,"Spatial transcriptomics atlas of the entire brain of a developing mouse (P28). We profiled 500 genes which were selected to maximize our ability to relate each cell to one of the 5200 cell types defined in our RNAseq-based taxonomy. We image 10 µm section which were acquired at an interval of 200 µm. Individual cell were identified using cell segmentation algorithms to a total of ~6 million cells. The MERFISH datasets not only provide the possibility for accurate spatial annotation of major cell types at subclass level, but also reveal very fine resolution spatial distinctions or gradients for cell types within each subclass.",Mouse,Brain,MERFISH,https://api.brainimagelibrary.org/web/view?bildid=ace-low-act,ace-low-act
Developing mouse whole-brain transcriptomic cell type atlas - MERSCOPE v1: 1296400334,"Spatial transcriptomics atlas of the entire brain of a developing mouse (P28). We profiled 500 genes which were selected to maximize our ability to relate each cell to one of the 5200 cell types defined in our RNAseq-based taxonomy. We image 10 µm section which were acquired at an interval of 200 µm. Individual cell were identified using cell segmentation algorithms to a total of ~6 million cells. The MERFISH datasets not only provide the possibility for accurate spatial annotation of major cell types at subclass level, but also reveal very fine resolution spatial distinctions or gradients for cell types within each subclass.",Mouse,Brain,MERFISH,https://api.brainimagelibrary.org/web/view?bildid=ace-low-ace,ace-low-ace
Developing mouse whole-brain transcriptomic cell type atlas - MERSCOPE v1: 1296400337,"Spatial transcriptomics atlas of the entire brain of a developing mouse (P28). We profiled 500 genes which were selected to maximize our ability to relate each cell to one of the 5200 cell types defined in our RNAseq-based taxonomy. We image 10 µm section which were acquired at an interval of 200 µm. Individual cell were identified using cell segmentation algorithms to a total of ~6 million cells. The MERFISH datasets not only provide the possibility for accurate spatial annotation of major cell types at subclass level, but also reveal very fine resolution spatial distinctions or gradients for cell types within each subclass.",Mouse,Brain,MERFISH,https://api.brainimagelibrary.org/web/view?bildid=ace-low-zip,ace-low-zip
Developing mouse whole-brain transcriptomic cell type atlas - MERSCOPE v1: 1296400340,"Spatial transcriptomics atlas of the entire brain of a developing mouse (P28). We profiled 500 genes which were selected to maximize our ability to relate each cell to one of the 5200 cell types defined in our RNAseq-based taxonomy. We image 10 µm section which were acquired at an interval of 200 µm. Individual cell were identified using cell segmentation algorithms to a total of ~6 million cells. The MERFISH datasets not only provide the possibility for accurate spatial annotation of major cell types at subclass level, but also reveal very fine resolution spatial distinctions or gradients for cell types within each subclass.",Mouse,Brain,MERFISH,https://api.brainimagelibrary.org/web/view?bildid=ace-lot-all,ace-lot-all
Developing mouse whole-brain transcriptomic cell type atlas - MERSCOPE v1: 1296400343,"Spatial transcriptomics atlas of the entire brain of a developing mouse (P28). We profiled 500 genes which were selected to maximize our ability to relate each cell to one of the 5200 cell types defined in our RNAseq-based taxonomy. We image 10 µm section which were acquired at an interval of 200 µm. Individual cell were identified using cell segmentation algorithms to a total of ~6 million cells. The MERFISH datasets not only provide the possibility for accurate spatial annotation of major cell types at subclass level, but also reveal very fine resolution spatial distinctions or gradients for cell types within each subclass.",Mouse,Brain,MERFISH,https://api.brainimagelibrary.org/web/view?bildid=ace-lot-zoo,ace-lot-zoo
Developing mouse whole-brain transcriptomic cell type atlas - MERSCOPE v1: 1296400350,"Spatial transcriptomics atlas of the entire brain of a developing mouse (P28). We profiled 500 genes which were selected to maximize our ability to relate each cell to one of the 5200 cell types defined in our RNAseq-based taxonomy. We image 10 µm section which were acquired at an interval of 200 µm. Individual cell were identified using cell segmentation algorithms to a total of ~6 million cells. The MERFISH datasets not only provide the possibility for accurate spatial annotation of major cell types at subclass level, but also reveal very fine resolution spatial distinctions or gradients for cell types within each subclass.",Mouse,Brain,MERFISH,https://api.brainimagelibrary.org/web/view?bildid=ace-lot-yet,ace-lot-yet
Developing mouse whole-brain transcriptomic cell type atlas - MERSCOPE v1: 1296400353,"Spatial transcriptomics atlas of the entire brain of a developing mouse (P28). We profiled 500 genes which were selected to maximize our ability to relate each cell to one of the 5200 cell types defined in our RNAseq-based taxonomy. We image 10 µm section which were acquired at an interval of 200 µm. Individual cell were identified using cell segmentation algorithms to a total of ~6 million cells. The MERFISH datasets not only provide the possibility for accurate spatial annotation of major cell types at subclass level, but also reveal very fine resolution spatial distinctions or gradients for cell types within each subclass.",Mouse,Brain,MERFISH,https://api.brainimagelibrary.org/web/view?bildid=ace-lot-yes,ace-lot-yes
Developing mouse whole-brain transcriptomic cell type atlas - MERSCOPE v1: 1296400356,"Spatial transcriptomics atlas of the entire brain of a developing mouse (P28). We profiled 500 genes which were selected to maximize our ability to relate each cell to one of the 5200 cell types defined in our RNAseq-based taxonomy. We image 10 µm section which were acquired at an interval of 200 µm. Individual cell were identified using cell segmentation algorithms to a total of ~6 million cells. The MERFISH datasets not only provide the possibility for accurate spatial annotation of major cell types at subclass level, but also reveal very fine resolution spatial distinctions or gradients for cell types within each subclass.",Mouse,Brain,MERFISH,https://api.brainimagelibrary.org/web/view?bildid=ace-lot-wit,ace-lot-wit
Developing mouse whole-brain transcriptomic cell type atlas - MERSCOPE v1: 1296400359,"Spatial transcriptomics atlas of the entire brain of a developing mouse (P28). We profiled 500 genes which were selected to maximize our ability to relate each cell to one of the 5200 cell types defined in our RNAseq-based taxonomy. We image 10 µm section which were acquired at an interval of 200 µm. Individual cell were identified using cell segmentation algorithms to a total of ~6 million cells. The MERFISH datasets not only provide the possibility for accurate spatial annotation of major cell types at subclass level, but also reveal very fine resolution spatial distinctions or gradients for cell types within each subclass.",Mouse,Brain,MERFISH,https://api.brainimagelibrary.org/web/view?bildid=ace-lot-win,ace-lot-win
Developing mouse whole-brain transcriptomic cell type atlas - MERSCOPE v1: 1296400362,"Spatial transcriptomics atlas of the entire brain of a developing mouse (P28). We profiled 500 genes which were selected to maximize our ability to relate each cell to one of the 5200 cell types defined in our RNAseq-based taxonomy. We image 10 µm section which were acquired at an interval of 200 µm. Individual cell were identified using cell segmentation algorithms to a total of ~6 million cells. The MERFISH datasets not only provide the possibility for accurate spatial annotation of major cell types at subclass level, but also reveal very fine resolution spatial distinctions or gradients for cell types within each subclass.",Mouse,Brain,MERFISH,https://api.brainimagelibrary.org/web/view?bildid=ace-lot-wig,ace-lot-wig
Developing mouse whole-brain transcriptomic cell type atlas - MERSCOPE v1: 1296400365,"Spatial transcriptomics atlas of the entire brain of a developing mouse (P28). We profiled 500 genes which were selected to maximize our ability to relate each cell to one of the 5200 cell types defined in our RNAseq-based taxonomy. We image 10 µm section which were acquired at an interval of 200 µm. Individual cell were identified using cell segmentation algorithms to a total of ~6 million cells. The MERFISH datasets not only provide the possibility for accurate spatial annotation of major cell types at subclass level, but also reveal very fine resolution spatial distinctions or gradients for cell types within each subclass.",Mouse,Brain,MERFISH,https://api.brainimagelibrary.org/web/view?bildid=ace-lot-who,ace-lot-who
Developing mouse whole-brain transcriptomic cell type atlas - MERSCOPE v1: 1296400368,"Spatial transcriptomics atlas of the entire brain of a developing mouse (P28). We profiled 500 genes which were selected to maximize our ability to relate each cell to one of the 5200 cell types defined in our RNAseq-based taxonomy. We image 10 µm section which were acquired at an interval of 200 µm. Individual cell were identified using cell segmentation algorithms to a total of ~6 million cells. The MERFISH datasets not only provide the possibility for accurate spatial annotation of major cell types at subclass level, but also reveal very fine resolution spatial distinctions or gradients for cell types within each subclass.",Mouse,Brain,MERFISH,https://api.brainimagelibrary.org/web/view?bildid=ace-lot-wet,ace-lot-wet
Developing mouse whole-brain transcriptomic cell type atlas - MERSCOPE v1: 1296400371,"Spatial transcriptomics atlas of the entire brain of a developing mouse (P28). We profiled 500 genes which were selected to maximize our ability to relate each cell to one of the 5200 cell types defined in our RNAseq-based taxonomy. We image 10 µm section which were acquired at an interval of 200 µm. Individual cell were identified using cell segmentation algorithms to a total of ~6 million cells. The MERFISH datasets not only provide the possibility for accurate spatial annotation of major cell types at subclass level, but also reveal very fine resolution spatial distinctions or gradients for cell types within each subclass.",Mouse,Brain,MERFISH,https://api.brainimagelibrary.org/web/view?bildid=ace-lot-web,ace-lot-web
Developing mouse whole-brain transcriptomic cell type atlas - MERSCOPE v1,"Spatial transcriptomics atlas of the entire brain of a developing mouse (P0). We profiled 500 genes which were selected to maximize our ability to relate each cell to one of the 5200 cell types defined in our RNAseq-based taxonomy. We image 14 µm section which were acquired at an interval of 100 µm. Individual cell were identified using cell segmentation algorithms to a total of ~5.4 million cells. The MERFISH datasets not only provide the possibility for accurate spatial annotation of major cell types at subclass level, but also reveal very fine resolution spatial distinctions or gradients for cell types within each subclass.",Mouse,Brain,MERFISH,https://api.brainimagelibrary.org/web/view?bildid=ace-let-lay,ace-let-lay
Developing mouse whole-brain transcriptomic cell type atlas - MERSCOPE v1,"Spatial transcriptomics atlas of the entire brain of a developing mouse (P4). We profiled 500 genes which were selected to maximize our ability to relate each cell to one of the 5200 cell types defined in our RNAseq-based taxonomy. We image 14 µm section which were acquired at an interval of 100 µm. Individual cell were identified using cell segmentation algorithms to a total of ~9.2 million cells. The MERFISH datasets not only provide the possibility for accurate spatial annotation of major cell types at subclass level, but also reveal very fine resolution spatial distinctions or gradients for cell types within each subclass.",Mouse,Brain,MERFISH,https://api.brainimagelibrary.org/web/view?bildid=ace-let-lax,ace-let-lax
Developing mouse whole-brain transcriptomic cell type atlas - MERSCOPE v1,"Spatial transcriptomics atlas of the entire brain of a developing mouse (P0). We profiled 500 genes which were selected to maximize our ability to relate each cell to one of the 5200 cell types defined in our RNAseq-based taxonomy. We image 14 µm section which were acquired at an interval of 100 µm. Individual cell were identified using cell segmentation algorithms to a total of ~5.4 million cells. The MERFISH datasets not only provide the possibility for accurate spatial annotation of major cell types at subclass level, but also reveal very fine resolution spatial distinctions or gradients for cell types within each subclass.",Mouse,Brain,MERFISH,https://api.brainimagelibrary.org/web/view?bildid=ace-let-law,ace-let-law
Developing mouse whole-brain transcriptomic cell type atlas - MERSCOPE v1: 741564,"Spatial transcriptomics atlas of the entire brain of a developing mouse (P4). We profiled 500 genes which were selected to maximize our ability to relate each cell to one of the 5200 cell types defined in our RNAseq-based taxonomy. We image 14 µm section which were acquired at an interval of 100 µm. Individual cell were identified using cell segmentation algorithms to a total of ~8.5 million cells. The MERFISH datasets not only provide the possibility for accurate spatial annotation of major cell types at subclass level, but also reveal very fine resolution spatial distinctions or gradients for cell types within each subclass.",Mouse,Brain,MERFISH,https://api.brainimagelibrary.org/web/view?bildid=ace-met-war,ace-met-war
"Mouse data from sample: zhuang_merfish_MOp, modality: spatial transcriptomics.",MERFISH data on mouse primary motor cortex (updated),Mouse,Brain,MERFISH,https://api.brainimagelibrary.org/web/view?bildid=ace-ban-win,ace-ban-win
"Mouse data from sample: zhuang_dulac_merfish_MOB, modality: spatial transcriptomics.","In situ, spatially resolved sensory neuron projections into the main olfactory bulb by multuplexed error-robust fluorescence in situ hybridization (MERFISH). 355 sections and ~1100 genes were imaged.",Mouse,Brain,MERFISH,https://api.brainimagelibrary.org/web/view?bildid=ace-bet-pry,ace-bet-pry
"Mouse data from sample: Zhuang_Dulac__MERFISH_MOE, modality: spatial transcriptomics.","In situ, spatially resolved, gene expression profiling of individual cells in the main olfactory epithelium by multuplexed error-robust fluorescence in situ hybridization (MERFISH). ~3.3 million cells and ~1100 genes were imaged.",Mouse,Brain,MERFISH,https://api.brainimagelibrary.org/web/view?bildid=ace-bag-tin,ace-bag-tin
A molecularly defined and spatially resolved cell atlas of the whole mouse brain,"In this project, we used MERFISH to perform in situ gene expression profiling of individual cells in the entire mouse brain, determine the cell-type identity of these cells and map the spatial organization of the cell types. We performed MERFISH imaging on 1124 or 1147 genes in a total of 245 brain slices (217 coronal, 28 sagittal) from a total of 4 animals.",Mouse,Brain,MERFISH,https://api.brainimagelibrary.org/web/view?bildid=act-bag,act-bag
A molecularly defined and spatially resolved cell atlas of the mouses hypothalamus,"In this project, we used MERFISH to perform in situ gene expresssion profiling of individual cells in the mouses hypothalamus, determine the cell-type identity of these cells and map the spatial organization of the cell types. We performed MERFISH imaging on 360 genes in a total of 200 coronal brain slices and constructed a molecularly defined and spatially resolved cell atlas of mouse hypothalamus.",Mouse,Brain,MERFISH,https://api.brainimagelibrary.org/web/view?bildid=ace-boo-sag,ace-boo-sag
A molecularly defined and spatially resolved cell atlas of the mouses hypothalamus,"In this project, we used MERFISH to perform in situ gene expression profiling of individual cells in the mouse hypothalamus, determine the cell-type identity of these cells and map the spatial organization of the cell types. We performed MERFISH imaging on 360 genes in a total of 138 coronal brain slices from a total of 4 animals. Prior to being sacrificed, the animals in this study were subjects in a sleep-rebound behavioral pardigm.",Mouse,Brain,MERFISH,https://api.brainimagelibrary.org/web/view?bildid=ace-gut-add,ace-gut-add
A molecularly defined and spatially resolved cell atlas of the mouses hypothalamus,"In this project, we used MERFISH to perform in situ gene expression profiling of individual cells in the mouse hypothalamus, determine the cell-type identity of these cells and map the spatial organization of the cell types. We performed MERFISH imaging on 360 genes in a total of 403 coronal brain slices from a total of 12 animals. Prior to being sacrificed, the animals in this study were subjected to one of a list of behavioral conditions/paradigms, including: aggression (male-male, mother-intruder), infanticide, parenting, and fever (LPS injection).",Mouse,Brain,MERFISH,https://api.brainimagelibrary.org/web/view?bildid=ace-bug-sip,ace-bug-sip
Spatial Transcriptomic Atlas of Adult Human Basal Ganglia: H22.30.001.BS.3,"This dataset is part of a whole-brain atlas effort for human and non-human primate. The data collected for this submission represent spatial transcriptomics data from core human basal ganglia regions collected using a gene panel designed to identify all known cell types identified in the snRNAseq dataset from human generated from similar regions. When mapped based on these key genes to determine cell type locations, these data should provide a cluster-level cellular map of human basal ganglia.",Human,Brain,MERFISH,https://api.brainimagelibrary.org/web/view?bildid=ace-irk-shy,ace-irk-shy
Spatial Transcriptomic Atlas of Adult Human Basal Ganglia: H22.30.001.CX.21,"This dataset is part of a whole-brain atlas effort for human and non-human primate. The data collected for this submission represent spatial transcriptomics data from core human basal ganglia regions collected using a gene panel designed to identify all known cell types identified in the snRNAseq dataset from human generated from similar regions. When mapped based on these key genes to determine cell type locations, these data should provide a cluster-level cellular map of human basal ganglia.",Human,Brain,MERFISH,https://api.brainimagelibrary.org/web/view?bildid=ace-irk-set,ace-irk-set
Spatial Transcriptomic Atlas of Adult Human Basal Ganglia: H22.30.001.CX.20,"This dataset is part of a whole-brain atlas effort for human and non-human primate. The data collected for this submission represent spatial transcriptomics data from core human basal ganglia regions collected using a gene panel designed to identify all known cell types identified in the snRNAseq dataset from human generated from similar regions. When mapped based on these key genes to determine cell type locations, these data should provide a cluster-level cellular map of human basal ganglia.",Human,Brain,MERFISH,https://api.brainimagelibrary.org/web/view?bildid=ace-irk-say,ace-irk-say
Spatial Transcriptomic Atlas of Adult Human Basal Ganglia: H22.30.001.CX.19,"This dataset is part of a whole-brain atlas effort for human and non-human primate. The data collected for this submission represent spatial transcriptomics data from core human basal ganglia regions collected using a gene panel designed to identify all known cell types identified in the snRNAseq dataset from human generated from similar regions. When mapped based on these key genes to determine cell type locations, these data should provide a cluster-level cellular map of human basal ganglia.",Human,Brain,MERFISH,https://api.brainimagelibrary.org/web/view?bildid=ace-irk-saw,ace-irk-saw
Spatial Transcriptomic Atlas of Adult Human Basal Ganglia: H22.30.001.CX.17,"This dataset is part of a whole-brain atlas effort for human and non-human primate. The data collected for this submission represent spatial transcriptomics data from core human basal ganglia regions collected using a gene panel designed to identify all known cell types identified in the snRNAseq dataset from human generated from similar regions. When mapped based on these key genes to determine cell type locations, these data should provide a cluster-level cellular map of human basal ganglia.",Human,Brain,MERFISH,https://api.brainimagelibrary.org/web/view?bildid=ace-irk-sat,ace-irk-sat
Spatial Transcriptomic Atlas of Adult Human Basal Ganglia: H22.30.001.CX.16,"This dataset is part of a whole-brain atlas effort for human and non-human primate. The data collected for this submission represent spatial transcriptomics data from core human basal ganglia regions collected using a gene panel designed to identify all known cell types identified in the snRNAseq dataset from human generated from similar regions. When mapped based on these key genes to determine cell type locations, these data should provide a cluster-level cellular map of human basal ganglia.",Human,Brain,MERFISH,https://api.brainimagelibrary.org/web/view?bildid=ace-irk-sap,ace-irk-sap
Spatial Transcriptomic Atlas of Adult Human Basal Ganglia: H22.30.001.CX.13,"This dataset is part of a whole-brain atlas effort for human and non-human primate. The data collected for this submission represent spatial transcriptomics data from core human basal ganglia regions collected using a gene panel designed to identify all known cell types identified in the snRNAseq dataset from human generated from similar regions. When mapped based on these key genes to determine cell type locations, these data should provide a cluster-level cellular map of human basal ganglia.",Human,Brain,MERFISH,https://api.brainimagelibrary.org/web/view?bildid=ace-irk-sag,ace-irk-sag
"Mouse data from sample: Zhuang_Dulac_MERFISH_PAG_2, modality: spatial transcriptomics.",,Mouse,Brain,MERFISH,https://api.brainimagelibrary.org/web/view?bildid=ace-ban-oat,ace-ban-oat
"Mouse data from sample: Zhuang_MERFISH_NAc, modality: spatial transcriptomics.",,Mouse,Brain,MERFISH,https://api.brainimagelibrary.org/web/view?bildid=ace-ban-odd,ace-ban-odd
"Mouse data from sample: zhuang_merfish_MOp, modality: spatial transcriptomics.",,Mouse,Brain,MERFISH,https://api.brainimagelibrary.org/web/view?bildid=ace-aim-nut,ace-aim-nut
"Mouse data from sample: Zhuang_Dulac_MERFISH_PAG_2, modality: spatial transcriptomics.",,Mouse,Brain,MERFISH,https://api.brainimagelibrary.org/web/view?bildid=ace-bay-foo,ace-bay-foo
Subcortical Spatial Transcriptomic Atlas of the Adult Rhesus Macaque: QM23.50.001.CX.46,"MERSCOPE imaging of 10µm sections of core basal ganglia regions (i.e., caudate nucleus, putamen, substantia nigra, and nucleus accumbens) of fresh-frozen macaca mulatta brain slabs. Individual sections are spaced at 1mm intervals through five consecutive tissue slabs covering ~24mm of anterior to posterior extent. Regions of interest present in the sections include the core basal ganglia structures as well as thalamus and portions of the hippocampal formation.",Rhesus Macaque,Brain,MERFISH,https://api.brainimagelibrary.org/web/view?bildid=ace-dud-was,ace-dud-was
Subcortical Spatial Transcriptomic Atlas of the Adult Rhesus Macaque: QM23.50.001.CX.45,"MERSCOPE imaging of 10µm sections of core basal ganglia regions (i.e., caudate nucleus, putamen, substantia nigra, and nucleus accumbens) of fresh-frozen macaca mulatta brain slabs. Individual sections are spaced at 1mm intervals through five consecutive tissue slabs covering ~24mm of anterior to posterior extent. Regions of interest present in the sections include the core basal ganglia structures as well as thalamus and portions of the hippocampal formation.",Rhesus Macaque,Brain,MERFISH,https://api.brainimagelibrary.org/web/view?bildid=ace-dud-war,ace-dud-war
Subcortical Spatial Transcriptomic Atlas of the Adult Rhesus Macaque: QM23.50.001.CX.44,"MERSCOPE imaging of 10µm sections of core basal ganglia regions (i.e., caudate nucleus, putamen, substantia nigra, and nucleus accumbens) of fresh-frozen macaca mulatta brain slabs. Individual sections are spaced at 1mm intervals through five consecutive tissue slabs covering ~24mm of anterior to posterior extent. Regions of interest present in the sections include the core basal ganglia structures as well as thalamus and portions of the hippocampal formation.",Rhesus Macaque,Brain,MERFISH,https://api.brainimagelibrary.org/web/view?bildid=ace-dud-wag,ace-dud-wag
Subcortical Spatial Transcriptomic Atlas of the Adult Rhesus Macaque: QM23.50.001.CX.43,"MERSCOPE imaging of 10µm sections of core basal ganglia regions (i.e., caudate nucleus, putamen, substantia nigra, and nucleus accumbens) of fresh-frozen macaca mulatta brain slabs. Individual sections are spaced at 1mm intervals through five consecutive tissue slabs covering ~24mm of anterior to posterior extent. Regions of interest present in the sections include the core basal ganglia structures as well as thalamus and portions of the hippocampal formation.",Rhesus Macaque,Brain,MERFISH,https://api.brainimagelibrary.org/web/view?bildid=ace-dud-vow,ace-dud-vow
Subcortical Spatial Transcriptomic Atlas of the Adult Rhesus Macaque: QM23.50.001.CX.42,"MERSCOPE imaging of 10µm sections of core basal ganglia regions (i.e., caudate nucleus, putamen, substantia nigra, and nucleus accumbens) of fresh-frozen macaca mulatta brain slabs. Individual sections are spaced at 1mm intervals through five consecutive tissue slabs covering ~24mm of anterior to posterior extent. Regions of interest present in the sections include the core basal ganglia structures as well as thalamus and portions of the hippocampal formation.",Rhesus Macaque,Brain,MERFISH,https://api.brainimagelibrary.org/web/view?bildid=ace-dud-vex,ace-dud-vex
"The collection of patch-wise (ST, DAPI/PolyT) data pairs derived from one P56 female mouse brain atlas: Supp_M - 609882","This dataset is derived from the P56 male mouse brain atlas (MBA) containing MERFISH imaging and DAPI/PolyT-stained imaging data. After brain image registration and quality control, 50 slides of paired ST and DAPI/PolyT data remain. Then, we sequentially crop 119808 (ST, DAPI/PolyT) image data pairs out of the MBA, at a spatial resolution of 512 x 512. For efficiently feeding the data pairs to the GenAI model, we store the sparse ST data in the format of PyData/sparse compatible *.npz and the bioimage array in the format of zarr compatible *.zip.",Mouse,Brain,MERFISH,https://api.brainimagelibrary.org/web/view?bildid=ace-lot-now,ace-lot-now
"The collection of patch-wise (ST, DAPI/PolyT) data pairs derived from one P56 male mouse brain atlas: Supp_M - 609889","This dataset is derived from the P56 male mouse brain atlas (MBA) containing MERFISH imaging and DAPI/PolyT-stained imaging data. After brain image registration and quality control, 50 slides of paired ST and DAPI/PolyT data remain. Then, we sequentially crop 119808 (ST, DAPI/PolyT) image data pairs out of the MBA, at a spatial resolution of 512 x 512. For efficiently feeding the data pairs to the GenAI model, we store the sparse ST data in the format of PyData/sparse compatible *.npz and the bioimage array in the format of zarr compatible *.zip.",Mouse,Brain,MERFISH,https://api.brainimagelibrary.org/web/view?bildid=ace-lot-nor,ace-lot-nor
"The collection of patch-wise (ST, DAPI/PolyT) data pairs derived from one P56 female mouse brain atlas: Main_F - 638850","This dataset is derived from the P56 male mouse brain atlas (MBA) containing MERFISH imaging and DAPI/PolyT-stained imaging data. After brain image registration and quality control, 50 slides of paired ST and DAPI/PolyT data remain. Then, we sequentially crop 119808 (ST, DAPI/PolyT) image data pairs out of the MBA, at a spatial resolution of 512 x 512. For efficiently feeding the data pairs to the GenAI model, we store the sparse ST data in the format of PyData/sparse compatible *.npz and the bioimage array in the format of zarr compatible *.zip.",Mouse,Brain,MERFISH,https://api.brainimagelibrary.org/web/view?bildid=ace-lot-nod,ace-lot-nod
"MERSCOPE Imaging of WT, Trem2-R47H, 5xFAD and Trem2-R47H; 5xFAD samples","This dataset contains MERSCOPE Imaging data of 19 coronal hemispheres in WT, Trem2-R47H, 5xFAD, and Trem2-R47H; 5xFAD mice. Sections were imaged with a 300 gene panel, combined with DAPI imaging for localization of cellular nuclei.",Mouse,Brain,MERFISH,https://api.brainimagelibrary.org/web/view?bildid=ace-ear-nap,ace-ear-nap
