bilCode,label,datasetType,s3BaseUrl,endsWithGenes,smEntriesInDataset
ace-dip-vat,1231122834,single_molecule,https://merfisheyes-bil.s3.us-west-2.amazonaws.com/bil-psc-data2/ace-dip-vat/sm_output/1231122834,false,4
ace-dip-vat,1231122831,single_molecule,https://merfisheyes-bil.s3.us-west-2.amazonaws.com/bil-psc-data2/ace-dip-vat/sm_output/1231122831,false,4
ace-dip-vat,1231122828,single_molecule,https://merfisheyes-bil.s3.us-west-2.amazonaws.com/bil-psc-data2/ace-dip-vat/sm_output/1231122828,false,4
ace-dip-vat,1231122825,single_molecule,https://merfisheyes-bil.s3.us-west-2.amazonaws.com/bil-psc-data2/ace-dip-vat/sm_output/1231122825,false,4
ace-dip-van,1231122680,single_molecule,https://merfisheyes-bil.s3.us-west-2.amazonaws.com/bil-psc-data2/ace-dip-van/sm_output/1231122680,false,3
ace-dip-van,1231122677,single_molecule,https://merfisheyes-bil.s3.us-west-2.amazonaws.com/bil-psc-data2/ace-dip-van/sm_output/1231122677,false,3
ace-dip-van,1231122671,single_molecule,https://merfisheyes-bil.s3.us-west-2.amazonaws.com/bil-psc-data2/ace-dip-van/sm_output/1231122671,false,3
ace-dip-use,1231122507,single_molecule,https://merfisheyes-bil.s3.us-west-2.amazonaws.com/bil-psc-data2/ace-dip-use/sm_output/1231122507,false,4
ace-dip-use,1231122504,single_molecule,https://merfisheyes-bil.s3.us-west-2.amazonaws.com/bil-psc-data2/ace-dip-use/sm_output/1231122504,false,4
ace-dip-use,1231122501,single_molecule,https://merfisheyes-bil.s3.us-west-2.amazonaws.com/bil-psc-data2/ace-dip-use/sm_output/1231122501,false,4
ace-dip-use,1231122498,single_molecule,https://merfisheyes-bil.s3.us-west-2.amazonaws.com/bil-psc-data2/ace-dip-use/sm_output/1231122498,false,4
ace-dip-tug,1232698499,single_molecule,https://merfisheyes-bil.s3.us-west-2.amazonaws.com/bil-psc-data2/ace-dip-tug/sm_output/1232698499,false,3
ace-dip-tug,1232698496,single_molecule,https://merfisheyes-bil.s3.us-west-2.amazonaws.com/bil-psc-data2/ace-dip-tug/sm_output/1232698496,false,3
ace-dip-tug,1232698492,single_molecule,https://merfisheyes-bil.s3.us-west-2.amazonaws.com/bil-psc-data2/ace-dip-tug/sm_output/1232698492,false,3
ace-dip-tub,1231122266,single_molecule,https://merfisheyes-bil.s3.us-west-2.amazonaws.com/bil-psc-data2/ace-dip-tub/sm_output/1231122266,false,4
ace-dip-tub,1231122263,single_molecule,https://merfisheyes-bil.s3.us-west-2.amazonaws.com/bil-psc-data2/ace-dip-tub/sm_output/1231122263,false,4
ace-dip-tub,1231122260,single_molecule,https://merfisheyes-bil.s3.us-west-2.amazonaws.com/bil-psc-data2/ace-dip-tub/sm_output/1231122260,false,4
ace-dip-tub,1231122257,single_molecule,https://merfisheyes-bil.s3.us-west-2.amazonaws.com/bil-psc-data2/ace-dip-tub/sm_output/1231122257,false,4
ace-can-ink,processed,single_molecule,https://merfisheyes-bil.s3.us-west-2.amazonaws.com/bil-psc-data2/ace-can-ink/sm_output/processed,false,1
ace-can-imp,processed,single_molecule,https://merfisheyes-bil.s3.us-west-2.amazonaws.com/bil-psc-data2/ace-can-imp/sm_output/processed,false,1
ace-can-ill,processed,single_molecule,https://merfisheyes-bil.s3.us-west-2.amazonaws.com/bil-psc-data2/ace-can-ill/sm_output/processed,false,1
ace-dry-dry,region_0,single_molecule,https://merfisheyes-bil.s3.us-west-2.amazonaws.com/bil-psc-data2/ace-dry-dry/sm_output/region_0,false,1
ace-dry-dog,region_0,single_molecule,https://merfisheyes-bil.s3.us-west-2.amazonaws.com/bil-psc-data2/ace-dry-dog/sm_output/region_0,false,1
ace-dug-fin,1233424853,single_molecule,https://merfisheyes-bil.s3.us-west-2.amazonaws.com/bil-psc-data2/ace-dug-fin/sm_output/1233424853,false,55
ace-dug-fin,1233424847,single_molecule,https://merfisheyes-bil.s3.us-west-2.amazonaws.com/bil-psc-data2/ace-dug-fin/sm_output/1233424847,false,55
ace-dug-fin,1233424844,single_molecule,https://merfisheyes-bil.s3.us-west-2.amazonaws.com/bil-psc-data2/ace-dug-fin/sm_output/1233424844,false,55
ace-dug-fin,1233424841,single_molecule,https://merfisheyes-bil.s3.us-west-2.amazonaws.com/bil-psc-data2/ace-dug-fin/sm_output/1233424841,false,55
ace-dug-fin,1233424838,single_molecule,https://merfisheyes-bil.s3.us-west-2.amazonaws.com/bil-psc-data2/ace-dug-fin/sm_output/1233424838,false,55
ace-dug-fin,1233424835,single_molecule,https://merfisheyes-bil.s3.us-west-2.amazonaws.com/bil-psc-data2/ace-dug-fin/sm_output/1233424835,false,55
ace-dug-fin,1233424832,single_molecule,https://merfisheyes-bil.s3.us-west-2.amazonaws.com/bil-psc-data2/ace-dug-fin/sm_output/1233424832,false,55
ace-dug-fin,1233424829,single_molecule,https://merfisheyes-bil.s3.us-west-2.amazonaws.com/bil-psc-data2/ace-dug-fin/sm_output/1233424829,false,55
ace-dug-fin,1233424826,single_molecule,https://merfisheyes-bil.s3.us-west-2.amazonaws.com/bil-psc-data2/ace-dug-fin/sm_output/1233424826,false,55
ace-dug-fin,1233424823,single_molecule,https://merfisheyes-bil.s3.us-west-2.amazonaws.com/bil-psc-data2/ace-dug-fin/sm_output/1233424823,false,55
ace-dug-fin,1233424820,single_molecule,https://merfisheyes-bil.s3.us-west-2.amazonaws.com/bil-psc-data2/ace-dug-fin/sm_output/1233424820,false,55
ace-dug-fin,1233424817,single_molecule,https://merfisheyes-bil.s3.us-west-2.amazonaws.com/bil-psc-data2/ace-dug-fin/sm_output/1233424817,false,55
ace-dug-fin,1233424814,single_molecule,https://merfisheyes-bil.s3.us-west-2.amazonaws.com/bil-psc-data2/ace-dug-fin/sm_output/1233424814,false,55
ace-dug-fin,1233424811,single_molecule,https://merfisheyes-bil.s3.us-west-2.amazonaws.com/bil-psc-data2/ace-dug-fin/sm_output/1233424811,false,55
ace-dug-fin,1233424804,single_molecule,https://merfisheyes-bil.s3.us-west-2.amazonaws.com/bil-psc-data2/ace-dug-fin/sm_output/1233424804,false,55
ace-dug-fin,1233424801,single_molecule,https://merfisheyes-bil.s3.us-west-2.amazonaws.com/bil-psc-data2/ace-dug-fin/sm_output/1233424801,false,55
ace-dug-fin,1233424798,single_molecule,https://merfisheyes-bil.s3.us-west-2.amazonaws.com/bil-psc-data2/ace-dug-fin/sm_output/1233424798,false,55
ace-dug-fin,1233424795,single_molecule,https://merfisheyes-bil.s3.us-west-2.amazonaws.com/bil-psc-data2/ace-dug-fin/sm_output/1233424795,false,55
ace-dug-fin,1233424792,single_molecule,https://merfisheyes-bil.s3.us-west-2.amazonaws.com/bil-psc-data2/ace-dug-fin/sm_output/1233424792,false,55
ace-dug-fin,1233424789,single_molecule,https://merfisheyes-bil.s3.us-west-2.amazonaws.com/bil-psc-data2/ace-dug-fin/sm_output/1233424789,false,55
ace-dug-fin,1233424786,single_molecule,https://merfisheyes-bil.s3.us-west-2.amazonaws.com/bil-psc-data2/ace-dug-fin/sm_output/1233424786,false,55
ace-dug-fin,1233424783,single_molecule,https://merfisheyes-bil.s3.us-west-2.amazonaws.com/bil-psc-data2/ace-dug-fin/sm_output/1233424783,false,55
ace-dug-fin,1233424779,single_molecule,https://merfisheyes-bil.s3.us-west-2.amazonaws.com/bil-psc-data2/ace-dug-fin/sm_output/1233424779,false,55
ace-dug-fin,1233424775,single_molecule,https://merfisheyes-bil.s3.us-west-2.amazonaws.com/bil-psc-data2/ace-dug-fin/sm_output/1233424775,false,55
ace-dug-fin,1233424772,single_molecule,https://merfisheyes-bil.s3.us-west-2.amazonaws.com/bil-psc-data2/ace-dug-fin/sm_output/1233424772,false,55
ace-dug-fin,1233424769,single_molecule,https://merfisheyes-bil.s3.us-west-2.amazonaws.com/bil-psc-data2/ace-dug-fin/sm_output/1233424769,false,55
ace-dug-fin,1233424766,single_molecule,https://merfisheyes-bil.s3.us-west-2.amazonaws.com/bil-psc-data2/ace-dug-fin/sm_output/1233424766,false,55
ace-dug-fin,1233424763,single_molecule,https://merfisheyes-bil.s3.us-west-2.amazonaws.com/bil-psc-data2/ace-dug-fin/sm_output/1233424763,false,55
ace-dug-fin,1233424760,single_molecule,https://merfisheyes-bil.s3.us-west-2.amazonaws.com/bil-psc-data2/ace-dug-fin/sm_output/1233424760,false,55
ace-dug-fin,1233424757,single_molecule,https://merfisheyes-bil.s3.us-west-2.amazonaws.com/bil-psc-data2/ace-dug-fin/sm_output/1233424757,false,55
ace-dug-fin,1233424751,single_molecule,https://merfisheyes-bil.s3.us-west-2.amazonaws.com/bil-psc-data2/ace-dug-fin/sm_output/1233424751,false,55
ace-dug-fin,1233424748,single_molecule,https://merfisheyes-bil.s3.us-west-2.amazonaws.com/bil-psc-data2/ace-dug-fin/sm_output/1233424748,false,55
ace-dug-fin,1233424745,single_molecule,https://merfisheyes-bil.s3.us-west-2.amazonaws.com/bil-psc-data2/ace-dug-fin/sm_output/1233424745,false,55
ace-dug-fin,1233424742,single_molecule,https://merfisheyes-bil.s3.us-west-2.amazonaws.com/bil-psc-data2/ace-dug-fin/sm_output/1233424742,false,55
ace-dug-fin,1233424739,single_molecule,https://merfisheyes-bil.s3.us-west-2.amazonaws.com/bil-psc-data2/ace-dug-fin/sm_output/1233424739,false,55
ace-dug-fin,1233424736,single_molecule,https://merfisheyes-bil.s3.us-west-2.amazonaws.com/bil-psc-data2/ace-dug-fin/sm_output/1233424736,false,55
ace-dug-fin,1233424733,single_molecule,https://merfisheyes-bil.s3.us-west-2.amazonaws.com/bil-psc-data2/ace-dug-fin/sm_output/1233424733,false,55
ace-dug-fin,1233424714,single_molecule,https://merfisheyes-bil.s3.us-west-2.amazonaws.com/bil-psc-data2/ace-dug-fin/sm_output/1233424714,false,55
ace-dug-fin,1233424708,single_molecule,https://merfisheyes-bil.s3.us-west-2.amazonaws.com/bil-psc-data2/ace-dug-fin/sm_output/1233424708,false,55
ace-dug-fin,1233424705,single_molecule,https://merfisheyes-bil.s3.us-west-2.amazonaws.com/bil-psc-data2/ace-dug-fin/sm_output/1233424705,false,55
ace-dug-fin,1233424702,single_molecule,https://merfisheyes-bil.s3.us-west-2.amazonaws.com/bil-psc-data2/ace-dug-fin/sm_output/1233424702,false,55
ace-dug-fin,1233424699,single_molecule,https://merfisheyes-bil.s3.us-west-2.amazonaws.com/bil-psc-data2/ace-dug-fin/sm_output/1233424699,false,55
ace-dug-fin,1233424693,single_molecule,https://merfisheyes-bil.s3.us-west-2.amazonaws.com/bil-psc-data2/ace-dug-fin/sm_output/1233424693,false,55
ace-dug-fin,1233424690,single_molecule,https://merfisheyes-bil.s3.us-west-2.amazonaws.com/bil-psc-data2/ace-dug-fin/sm_output/1233424690,false,55
ace-dug-fin,1233424687,single_molecule,https://merfisheyes-bil.s3.us-west-2.amazonaws.com/bil-psc-data2/ace-dug-fin/sm_output/1233424687,false,55
ace-dug-fin,1233424684,single_molecule,https://merfisheyes-bil.s3.us-west-2.amazonaws.com/bil-psc-data2/ace-dug-fin/sm_output/1233424684,false,55
ace-dug-fin,1233424681,single_molecule,https://merfisheyes-bil.s3.us-west-2.amazonaws.com/bil-psc-data2/ace-dug-fin/sm_output/1233424681,false,55
ace-dug-fin,1233424678,single_molecule,https://merfisheyes-bil.s3.us-west-2.amazonaws.com/bil-psc-data2/ace-dug-fin/sm_output/1233424678,false,55
ace-dug-fin,1233424675,single_molecule,https://merfisheyes-bil.s3.us-west-2.amazonaws.com/bil-psc-data2/ace-dug-fin/sm_output/1233424675,false,55
ace-dug-fin,1233424672,single_molecule,https://merfisheyes-bil.s3.us-west-2.amazonaws.com/bil-psc-data2/ace-dug-fin/sm_output/1233424672,false,55
ace-dug-fin,1233424669,single_molecule,https://merfisheyes-bil.s3.us-west-2.amazonaws.com/bil-psc-data2/ace-dug-fin/sm_output/1233424669,false,55
ace-dug-fin,1233424665,single_molecule,https://merfisheyes-bil.s3.us-west-2.amazonaws.com/bil-psc-data2/ace-dug-fin/sm_output/1233424665,false,55
ace-dug-fin,1233424662,single_molecule,https://merfisheyes-bil.s3.us-west-2.amazonaws.com/bil-psc-data2/ace-dug-fin/sm_output/1233424662,false,55
ace-dug-fin,1233424659,single_molecule,https://merfisheyes-bil.s3.us-west-2.amazonaws.com/bil-psc-data2/ace-dug-fin/sm_output/1233424659,false,55
ace-dug-fin,1233424656,single_molecule,https://merfisheyes-bil.s3.us-west-2.amazonaws.com/bil-psc-data2/ace-dug-fin/sm_output/1233424656,false,55
ace-den-fog,609889HK08,single_molecule,https://merfisheyes-bil.s3.us-west-2.amazonaws.com/bil-psc-data2/ace-den-fog/sm_output/609889HK08,false,59
ace-den-fog,609889HK07,single_molecule,https://merfisheyes-bil.s3.us-west-2.amazonaws.com/bil-psc-data2/ace-den-fog/sm_output/609889HK07,false,59
ace-den-fog,609889HK06,single_molecule,https://merfisheyes-bil.s3.us-west-2.amazonaws.com/bil-psc-data2/ace-den-fog/sm_output/609889HK06,false,59
ace-den-fog,609889HK05,single_molecule,https://merfisheyes-bil.s3.us-west-2.amazonaws.com/bil-psc-data2/ace-den-fog/sm_output/609889HK05,false,59
ace-den-fog,609889HK04,single_molecule,https://merfisheyes-bil.s3.us-west-2.amazonaws.com/bil-psc-data2/ace-den-fog/sm_output/609889HK04,false,59
ace-den-fog,609889HK03,single_molecule,https://merfisheyes-bil.s3.us-west-2.amazonaws.com/bil-psc-data2/ace-den-fog/sm_output/609889HK03,false,59
ace-den-fog,609889HK02,single_molecule,https://merfisheyes-bil.s3.us-west-2.amazonaws.com/bil-psc-data2/ace-den-fog/sm_output/609889HK02,false,59
ace-den-fog,609889HK01,single_molecule,https://merfisheyes-bil.s3.us-west-2.amazonaws.com/bil-psc-data2/ace-den-fog/sm_output/609889HK01,false,59
ace-den-fog,1198980590,single_molecule,https://merfisheyes-bil.s3.us-west-2.amazonaws.com/bil-psc-data2/ace-den-fog/sm_output/1198980590,false,59
ace-den-fog,1198980587,single_molecule,https://merfisheyes-bil.s3.us-west-2.amazonaws.com/bil-psc-data2/ace-den-fog/sm_output/1198980587,false,59
ace-den-fog,1198980584,single_molecule,https://merfisheyes-bil.s3.us-west-2.amazonaws.com/bil-psc-data2/ace-den-fog/sm_output/1198980584,false,59
ace-den-fog,1198980581,single_molecule,https://merfisheyes-bil.s3.us-west-2.amazonaws.com/bil-psc-data2/ace-den-fog/sm_output/1198980581,false,59
ace-den-fog,1198980578,single_molecule,https://merfisheyes-bil.s3.us-west-2.amazonaws.com/bil-psc-data2/ace-den-fog/sm_output/1198980578,false,59
ace-den-fog,1198980575,single_molecule,https://merfisheyes-bil.s3.us-west-2.amazonaws.com/bil-psc-data2/ace-den-fog/sm_output/1198980575,false,59
ace-den-fog,1198980572,single_molecule,https://merfisheyes-bil.s3.us-west-2.amazonaws.com/bil-psc-data2/ace-den-fog/sm_output/1198980572,false,59
ace-den-fog,1198980569,single_molecule,https://merfisheyes-bil.s3.us-west-2.amazonaws.com/bil-psc-data2/ace-den-fog/sm_output/1198980569,false,59
ace-den-fog,1198980566,single_molecule,https://merfisheyes-bil.s3.us-west-2.amazonaws.com/bil-psc-data2/ace-den-fog/sm_output/1198980566,false,59
ace-den-fog,1198980563,single_molecule,https://merfisheyes-bil.s3.us-west-2.amazonaws.com/bil-psc-data2/ace-den-fog/sm_output/1198980563,false,59
ace-den-fog,1198980560,single_molecule,https://merfisheyes-bil.s3.us-west-2.amazonaws.com/bil-psc-data2/ace-den-fog/sm_output/1198980560,false,59
ace-den-fog,1198980557,single_molecule,https://merfisheyes-bil.s3.us-west-2.amazonaws.com/bil-psc-data2/ace-den-fog/sm_output/1198980557,false,59
ace-den-fog,1198980554,single_molecule,https://merfisheyes-bil.s3.us-west-2.amazonaws.com/bil-psc-data2/ace-den-fog/sm_output/1198980554,false,59
ace-den-fog,1198980551,single_molecule,https://merfisheyes-bil.s3.us-west-2.amazonaws.com/bil-psc-data2/ace-den-fog/sm_output/1198980551,false,59
ace-den-fog,1198980548,single_molecule,https://merfisheyes-bil.s3.us-west-2.amazonaws.com/bil-psc-data2/ace-den-fog/sm_output/1198980548,false,59
ace-den-fog,1198980544,single_molecule,https://merfisheyes-bil.s3.us-west-2.amazonaws.com/bil-psc-data2/ace-den-fog/sm_output/1198980544,false,59
ace-den-fog,1198980541,single_molecule,https://merfisheyes-bil.s3.us-west-2.amazonaws.com/bil-psc-data2/ace-den-fog/sm_output/1198980541,false,59
ace-den-fog,1198980538,single_molecule,https://merfisheyes-bil.s3.us-west-2.amazonaws.com/bil-psc-data2/ace-den-fog/sm_output/1198980538,false,59
ace-den-fog,1198980532,single_molecule,https://merfisheyes-bil.s3.us-west-2.amazonaws.com/bil-psc-data2/ace-den-fog/sm_output/1198980532,false,59
ace-den-fog,1198980529,single_molecule,https://merfisheyes-bil.s3.us-west-2.amazonaws.com/bil-psc-data2/ace-den-fog/sm_output/1198980529,false,59
ace-den-fog,1198980523,single_molecule,https://merfisheyes-bil.s3.us-west-2.amazonaws.com/bil-psc-data2/ace-den-fog/sm_output/1198980523,false,59
ace-den-fog,1198980520,single_molecule,https://merfisheyes-bil.s3.us-west-2.amazonaws.com/bil-psc-data2/ace-den-fog/sm_output/1198980520,false,59
ace-den-fog,1198980517,single_molecule,https://merfisheyes-bil.s3.us-west-2.amazonaws.com/bil-psc-data2/ace-den-fog/sm_output/1198980517,false,59
ace-den-fog,1198980514,single_molecule,https://merfisheyes-bil.s3.us-west-2.amazonaws.com/bil-psc-data2/ace-den-fog/sm_output/1198980514,false,59
ace-den-fog,1198980511,single_molecule,https://merfisheyes-bil.s3.us-west-2.amazonaws.com/bil-psc-data2/ace-den-fog/sm_output/1198980511,false,59
ace-den-fog,1198980508,single_molecule,https://merfisheyes-bil.s3.us-west-2.amazonaws.com/bil-psc-data2/ace-den-fog/sm_output/1198980508,false,59
ace-den-fog,1198980505,single_molecule,https://merfisheyes-bil.s3.us-west-2.amazonaws.com/bil-psc-data2/ace-den-fog/sm_output/1198980505,false,59
ace-den-fog,1198980502,single_molecule,https://merfisheyes-bil.s3.us-west-2.amazonaws.com/bil-psc-data2/ace-den-fog/sm_output/1198980502,false,59
ace-den-fog,1198980499,single_molecule,https://merfisheyes-bil.s3.us-west-2.amazonaws.com/bil-psc-data2/ace-den-fog/sm_output/1198980499,false,59
ace-den-fog,1198980496,single_molecule,https://merfisheyes-bil.s3.us-west-2.amazonaws.com/bil-psc-data2/ace-den-fog/sm_output/1198980496,false,59
ace-den-fog,1198980493,single_molecule,https://merfisheyes-bil.s3.us-west-2.amazonaws.com/bil-psc-data2/ace-den-fog/sm_output/1198980493,false,59
ace-den-fog,1198980487,single_molecule,https://merfisheyes-bil.s3.us-west-2.amazonaws.com/bil-psc-data2/ace-den-fog/sm_output/1198980487,false,59
ace-den-fog,1198980484,single_molecule,https://merfisheyes-bil.s3.us-west-2.amazonaws.com/bil-psc-data2/ace-den-fog/sm_output/1198980484,false,59
ace-den-fog,1198980481,single_molecule,https://merfisheyes-bil.s3.us-west-2.amazonaws.com/bil-psc-data2/ace-den-fog/sm_output/1198980481,false,59
ace-den-fog,1198980478,single_molecule,https://merfisheyes-bil.s3.us-west-2.amazonaws.com/bil-psc-data2/ace-den-fog/sm_output/1198980478,false,59
ace-den-fog,1198980472,single_molecule,https://merfisheyes-bil.s3.us-west-2.amazonaws.com/bil-psc-data2/ace-den-fog/sm_output/1198980472,false,59
ace-den-fog,1198980469,single_molecule,https://merfisheyes-bil.s3.us-west-2.amazonaws.com/bil-psc-data2/ace-den-fog/sm_output/1198980469,false,59
ace-den-fog,1198980466,single_molecule,https://merfisheyes-bil.s3.us-west-2.amazonaws.com/bil-psc-data2/ace-den-fog/sm_output/1198980466,false,59
ace-den-fog,1198980463,single_molecule,https://merfisheyes-bil.s3.us-west-2.amazonaws.com/bil-psc-data2/ace-den-fog/sm_output/1198980463,false,59
ace-den-fog,1198980460,single_molecule,https://merfisheyes-bil.s3.us-west-2.amazonaws.com/bil-psc-data2/ace-den-fog/sm_output/1198980460,false,59
ace-den-fog,1198980457,single_molecule,https://merfisheyes-bil.s3.us-west-2.amazonaws.com/bil-psc-data2/ace-den-fog/sm_output/1198980457,false,59
ace-den-fog,1198980451,single_molecule,https://merfisheyes-bil.s3.us-west-2.amazonaws.com/bil-psc-data2/ace-den-fog/sm_output/1198980451,false,59
ace-den-fog,1198980445,single_molecule,https://merfisheyes-bil.s3.us-west-2.amazonaws.com/bil-psc-data2/ace-den-fog/sm_output/1198980445,false,59
ace-den-fog,1198980441,single_molecule,https://merfisheyes-bil.s3.us-west-2.amazonaws.com/bil-psc-data2/ace-den-fog/sm_output/1198980441,false,59
ace-den-fog,1198980437,single_molecule,https://merfisheyes-bil.s3.us-west-2.amazonaws.com/bil-psc-data2/ace-den-fog/sm_output/1198980437,false,59
ace-den-fog,1198980434,single_molecule,https://merfisheyes-bil.s3.us-west-2.amazonaws.com/bil-psc-data2/ace-den-fog/sm_output/1198980434,false,59
ace-den-fog,1198980431,single_molecule,https://merfisheyes-bil.s3.us-west-2.amazonaws.com/bil-psc-data2/ace-den-fog/sm_output/1198980431,false,59
ace-den-fog,1198980428,single_molecule,https://merfisheyes-bil.s3.us-west-2.amazonaws.com/bil-psc-data2/ace-den-fog/sm_output/1198980428,false,59
ace-den-fog,1198980425,single_molecule,https://merfisheyes-bil.s3.us-west-2.amazonaws.com/bil-psc-data2/ace-den-fog/sm_output/1198980425,false,59
ace-den-fog,1198980422,single_molecule,https://merfisheyes-bil.s3.us-west-2.amazonaws.com/bil-psc-data2/ace-den-fog/sm_output/1198980422,false,59
ace-den-fog,1198980416,single_molecule,https://merfisheyes-bil.s3.us-west-2.amazonaws.com/bil-psc-data2/ace-den-fog/sm_output/1198980416,false,59
ace-den-fix,1199651136,single_molecule,https://merfisheyes-bil.s3.us-west-2.amazonaws.com/bil-psc-data2/ace-den-fix/sm_output/1199651136,false,60
ace-den-fix,1199651133,single_molecule,https://merfisheyes-bil.s3.us-west-2.amazonaws.com/bil-psc-data2/ace-den-fix/sm_output/1199651133,false,60
ace-den-fix,1199651130,single_molecule,https://merfisheyes-bil.s3.us-west-2.amazonaws.com/bil-psc-data2/ace-den-fix/sm_output/1199651130,false,60
ace-den-fix,1199651127,single_molecule,https://merfisheyes-bil.s3.us-west-2.amazonaws.com/bil-psc-data2/ace-den-fix/sm_output/1199651127,false,60
ace-den-fix,1199651121,single_molecule,https://merfisheyes-bil.s3.us-west-2.amazonaws.com/bil-psc-data2/ace-den-fix/sm_output/1199651121,false,60
ace-den-fix,1199651115,single_molecule,https://merfisheyes-bil.s3.us-west-2.amazonaws.com/bil-psc-data2/ace-den-fix/sm_output/1199651115,false,60
ace-den-fix,1199651112,single_molecule,https://merfisheyes-bil.s3.us-west-2.amazonaws.com/bil-psc-data2/ace-den-fix/sm_output/1199651112,false,60
ace-den-fix,1199651109,single_molecule,https://merfisheyes-bil.s3.us-west-2.amazonaws.com/bil-psc-data2/ace-den-fix/sm_output/1199651109,false,60
ace-den-fix,1199651106,single_molecule,https://merfisheyes-bil.s3.us-west-2.amazonaws.com/bil-psc-data2/ace-den-fix/sm_output/1199651106,false,60
ace-den-fix,1199651103,single_molecule,https://merfisheyes-bil.s3.us-west-2.amazonaws.com/bil-psc-data2/ace-den-fix/sm_output/1199651103,false,60
ace-den-fix,1199651100,single_molecule,https://merfisheyes-bil.s3.us-west-2.amazonaws.com/bil-psc-data2/ace-den-fix/sm_output/1199651100,false,60
ace-den-fix,1199651097,single_molecule,https://merfisheyes-bil.s3.us-west-2.amazonaws.com/bil-psc-data2/ace-den-fix/sm_output/1199651097,false,60
ace-den-fix,1199651094,single_molecule,https://merfisheyes-bil.s3.us-west-2.amazonaws.com/bil-psc-data2/ace-den-fix/sm_output/1199651094,false,60
ace-den-fix,1199651091,single_molecule,https://merfisheyes-bil.s3.us-west-2.amazonaws.com/bil-psc-data2/ace-den-fix/sm_output/1199651091,false,60
ace-den-fix,1199651084,single_molecule,https://merfisheyes-bil.s3.us-west-2.amazonaws.com/bil-psc-data2/ace-den-fix/sm_output/1199651084,false,60
ace-den-fix,1199651081,single_molecule,https://merfisheyes-bil.s3.us-west-2.amazonaws.com/bil-psc-data2/ace-den-fix/sm_output/1199651081,false,60
ace-den-fix,1199651078,single_molecule,https://merfisheyes-bil.s3.us-west-2.amazonaws.com/bil-psc-data2/ace-den-fix/sm_output/1199651078,false,60
ace-den-fix,1199651075,single_molecule,https://merfisheyes-bil.s3.us-west-2.amazonaws.com/bil-psc-data2/ace-den-fix/sm_output/1199651075,false,60
ace-den-fix,1199651072,single_molecule,https://merfisheyes-bil.s3.us-west-2.amazonaws.com/bil-psc-data2/ace-den-fix/sm_output/1199651072,false,60
ace-den-fix,1199651069,single_molecule,https://merfisheyes-bil.s3.us-west-2.amazonaws.com/bil-psc-data2/ace-den-fix/sm_output/1199651069,false,60
ace-den-fix,1199651066,single_molecule,https://merfisheyes-bil.s3.us-west-2.amazonaws.com/bil-psc-data2/ace-den-fix/sm_output/1199651066,false,60
ace-den-fix,1199651063,single_molecule,https://merfisheyes-bil.s3.us-west-2.amazonaws.com/bil-psc-data2/ace-den-fix/sm_output/1199651063,false,60
ace-den-fix,1199651060,single_molecule,https://merfisheyes-bil.s3.us-west-2.amazonaws.com/bil-psc-data2/ace-den-fix/sm_output/1199651060,false,60
ace-den-fix,1199651057,single_molecule,https://merfisheyes-bil.s3.us-west-2.amazonaws.com/bil-psc-data2/ace-den-fix/sm_output/1199651057,false,60
ace-den-fix,1199651054,single_molecule,https://merfisheyes-bil.s3.us-west-2.amazonaws.com/bil-psc-data2/ace-den-fix/sm_output/1199651054,false,60
ace-den-fix,1199651048,single_molecule,https://merfisheyes-bil.s3.us-west-2.amazonaws.com/bil-psc-data2/ace-den-fix/sm_output/1199651048,false,60
ace-den-fix,1199651045,single_molecule,https://merfisheyes-bil.s3.us-west-2.amazonaws.com/bil-psc-data2/ace-den-fix/sm_output/1199651045,false,60
ace-den-fix,1199651042,single_molecule,https://merfisheyes-bil.s3.us-west-2.amazonaws.com/bil-psc-data2/ace-den-fix/sm_output/1199651042,false,60
ace-den-fix,1199651039,single_molecule,https://merfisheyes-bil.s3.us-west-2.amazonaws.com/bil-psc-data2/ace-den-fix/sm_output/1199651039,false,60
ace-den-fix,1199651036,single_molecule,https://merfisheyes-bil.s3.us-west-2.amazonaws.com/bil-psc-data2/ace-den-fix/sm_output/1199651036,false,60
ace-den-fix,1199651033,single_molecule,https://merfisheyes-bil.s3.us-west-2.amazonaws.com/bil-psc-data2/ace-den-fix/sm_output/1199651033,false,60
ace-den-fix,1199651027,single_molecule,https://merfisheyes-bil.s3.us-west-2.amazonaws.com/bil-psc-data2/ace-den-fix/sm_output/1199651027,false,60
ace-den-fix,1199651024,single_molecule,https://merfisheyes-bil.s3.us-west-2.amazonaws.com/bil-psc-data2/ace-den-fix/sm_output/1199651024,false,60
ace-den-fix,1199651021,single_molecule,https://merfisheyes-bil.s3.us-west-2.amazonaws.com/bil-psc-data2/ace-den-fix/sm_output/1199651021,false,60
ace-den-fix,1199651018,single_molecule,https://merfisheyes-bil.s3.us-west-2.amazonaws.com/bil-psc-data2/ace-den-fix/sm_output/1199651018,false,60
ace-den-fix,1199651015,single_molecule,https://merfisheyes-bil.s3.us-west-2.amazonaws.com/bil-psc-data2/ace-den-fix/sm_output/1199651015,false,60
ace-den-fix,1199651012,single_molecule,https://merfisheyes-bil.s3.us-west-2.amazonaws.com/bil-psc-data2/ace-den-fix/sm_output/1199651012,false,60
ace-den-fix,1199651009,single_molecule,https://merfisheyes-bil.s3.us-west-2.amazonaws.com/bil-psc-data2/ace-den-fix/sm_output/1199651009,false,60
ace-den-fix,1199651005,single_molecule,https://merfisheyes-bil.s3.us-west-2.amazonaws.com/bil-psc-data2/ace-den-fix/sm_output/1199651005,false,60
ace-den-fix,1199651002,single_molecule,https://merfisheyes-bil.s3.us-west-2.amazonaws.com/bil-psc-data2/ace-den-fix/sm_output/1199651002,false,60
ace-den-fix,1199650999,single_molecule,https://merfisheyes-bil.s3.us-west-2.amazonaws.com/bil-psc-data2/ace-den-fix/sm_output/1199650999,false,60
ace-den-fix,1199650987,single_molecule,https://merfisheyes-bil.s3.us-west-2.amazonaws.com/bil-psc-data2/ace-den-fix/sm_output/1199650987,false,60
ace-den-fix,1199650984,single_molecule,https://merfisheyes-bil.s3.us-west-2.amazonaws.com/bil-psc-data2/ace-den-fix/sm_output/1199650984,false,60
ace-den-fix,1199650981,single_molecule,https://merfisheyes-bil.s3.us-west-2.amazonaws.com/bil-psc-data2/ace-den-fix/sm_output/1199650981,false,60
ace-den-fix,1199650978,single_molecule,https://merfisheyes-bil.s3.us-west-2.amazonaws.com/bil-psc-data2/ace-den-fix/sm_output/1199650978,false,60
ace-den-fix,1199650975,single_molecule,https://merfisheyes-bil.s3.us-west-2.amazonaws.com/bil-psc-data2/ace-den-fix/sm_output/1199650975,false,60
ace-den-fix,1199650972,single_molecule,https://merfisheyes-bil.s3.us-west-2.amazonaws.com/bil-psc-data2/ace-den-fix/sm_output/1199650972,false,60
ace-den-fix,1199650968,single_molecule,https://merfisheyes-bil.s3.us-west-2.amazonaws.com/bil-psc-data2/ace-den-fix/sm_output/1199650968,false,60
ace-den-fix,1199650965,single_molecule,https://merfisheyes-bil.s3.us-west-2.amazonaws.com/bil-psc-data2/ace-den-fix/sm_output/1199650965,false,60
ace-den-fix,1199650962,single_molecule,https://merfisheyes-bil.s3.us-west-2.amazonaws.com/bil-psc-data2/ace-den-fix/sm_output/1199650962,false,60
ace-den-fix,1199650959,single_molecule,https://merfisheyes-bil.s3.us-west-2.amazonaws.com/bil-psc-data2/ace-den-fix/sm_output/1199650959,false,60
ace-den-fix,1199650956,single_molecule,https://merfisheyes-bil.s3.us-west-2.amazonaws.com/bil-psc-data2/ace-den-fix/sm_output/1199650956,false,60
ace-den-fix,1199650953,single_molecule,https://merfisheyes-bil.s3.us-west-2.amazonaws.com/bil-psc-data2/ace-den-fix/sm_output/1199650953,false,60
ace-den-fix,1199650950,single_molecule,https://merfisheyes-bil.s3.us-west-2.amazonaws.com/bil-psc-data2/ace-den-fix/sm_output/1199650950,false,60
ace-den-fix,1199650944,single_molecule,https://merfisheyes-bil.s3.us-west-2.amazonaws.com/bil-psc-data2/ace-den-fix/sm_output/1199650944,false,60
ace-den-fix,1199650941,single_molecule,https://merfisheyes-bil.s3.us-west-2.amazonaws.com/bil-psc-data2/ace-den-fix/sm_output/1199650941,false,60
ace-den-fix,1199650938,single_molecule,https://merfisheyes-bil.s3.us-west-2.amazonaws.com/bil-psc-data2/ace-den-fix/sm_output/1199650938,false,60
ace-den-fix,1199650935,single_molecule,https://merfisheyes-bil.s3.us-west-2.amazonaws.com/bil-psc-data2/ace-den-fix/sm_output/1199650935,false,60
ace-den-fix,1199650932,single_molecule,https://merfisheyes-bil.s3.us-west-2.amazonaws.com/bil-psc-data2/ace-den-fix/sm_output/1199650932,false,60
ace-den-fix,1199650929,single_molecule,https://merfisheyes-bil.s3.us-west-2.amazonaws.com/bil-psc-data2/ace-den-fix/sm_output/1199650929,false,60
ace-dry-dub,region_0,single_molecule,https://merfisheyes-bil.s3.us-west-2.amazonaws.com/bil-psc-data2/ace-dry-dub/sm_output/region_0,false,1
ace-dry-dip,region_0,single_molecule,https://merfisheyes-bil.s3.us-west-2.amazonaws.com/bil-psc-data2/ace-dry-dip/sm_output/region_0,false,1
ace-low-cub,genes,single_molecule,https://merfisheyes-bil.s3.us-west-2.amazonaws.com/bil-psc-data2/ace-low-cub/sm_output/genes,true,1
ace-low-cry,genes,single_molecule,https://merfisheyes-bil.s3.us-west-2.amazonaws.com/bil-psc-data2/ace-low-cry/sm_output/genes,true,1
ace-low-cow,genes,single_molecule,https://merfisheyes-bil.s3.us-west-2.amazonaws.com/bil-psc-data2/ace-low-cow/sm_output/genes,true,1
ace-low-cot,genes,single_molecule,https://merfisheyes-bil.s3.us-west-2.amazonaws.com/bil-psc-data2/ace-low-cot/sm_output/genes,true,1
ace-low-cop,genes,single_molecule,https://merfisheyes-bil.s3.us-west-2.amazonaws.com/bil-psc-data2/ace-low-cop/sm_output/genes,true,1
ace-low-cat,genes,single_molecule,https://merfisheyes-bil.s3.us-west-2.amazonaws.com/bil-psc-data2/ace-low-cat/sm_output/genes,true,1
ace-low-car,genes,single_molecule,https://merfisheyes-bil.s3.us-west-2.amazonaws.com/bil-psc-data2/ace-low-car/sm_output/genes,true,1
ace-low-cap,genes,single_molecule,https://merfisheyes-bil.s3.us-west-2.amazonaws.com/bil-psc-data2/ace-low-cap/sm_output/genes,true,1
ace-low-can,genes,single_molecule,https://merfisheyes-bil.s3.us-west-2.amazonaws.com/bil-psc-data2/ace-low-can/sm_output/genes,true,1
ace-low-cab,genes,single_molecule,https://merfisheyes-bil.s3.us-west-2.amazonaws.com/bil-psc-data2/ace-low-cab/sm_output/genes,true,1
ace-low-bus,genes,single_molecule,https://merfisheyes-bil.s3.us-west-2.amazonaws.com/bil-psc-data2/ace-low-bus/sm_output/genes,true,1
ace-low-bun,genes,single_molecule,https://merfisheyes-bil.s3.us-west-2.amazonaws.com/bil-psc-data2/ace-low-bun/sm_output/genes,true,1
ace-low-bug,genes,single_molecule,https://merfisheyes-bil.s3.us-west-2.amazonaws.com/bil-psc-data2/ace-low-bug/sm_output/genes,true,1
ace-low-bud,genes,single_molecule,https://merfisheyes-bil.s3.us-west-2.amazonaws.com/bil-psc-data2/ace-low-bud/sm_output/genes,true,1
ace-low-box,genes,single_molecule,https://merfisheyes-bil.s3.us-west-2.amazonaws.com/bil-psc-data2/ace-low-box/sm_output/genes,true,1
ace-low-boo,genes,single_molecule,https://merfisheyes-bil.s3.us-west-2.amazonaws.com/bil-psc-data2/ace-low-boo/sm_output/genes,true,1
ace-low-bog,genes,single_molecule,https://merfisheyes-bil.s3.us-west-2.amazonaws.com/bil-psc-data2/ace-low-bog/sm_output/genes,true,1
ace-low-bit,genes,single_molecule,https://merfisheyes-bil.s3.us-west-2.amazonaws.com/bil-psc-data2/ace-low-bit/sm_output/genes,true,1
ace-low-bin,genes,single_molecule,https://merfisheyes-bil.s3.us-west-2.amazonaws.com/bil-psc-data2/ace-low-bin/sm_output/genes,true,1
ace-low-big,genes,single_molecule,https://merfisheyes-bil.s3.us-west-2.amazonaws.com/bil-psc-data2/ace-low-big/sm_output/genes,true,1
ace-low-bid,genes,single_molecule,https://merfisheyes-bil.s3.us-west-2.amazonaws.com/bil-psc-data2/ace-low-bid/sm_output/genes,true,1
ace-low-bet,genes,single_molecule,https://merfisheyes-bil.s3.us-west-2.amazonaws.com/bil-psc-data2/ace-low-bet/sm_output/genes,true,1
ace-low-bed,genes,single_molecule,https://merfisheyes-bil.s3.us-west-2.amazonaws.com/bil-psc-data2/ace-low-bed/sm_output/genes,true,1
ace-low-bay,genes,single_molecule,https://merfisheyes-bil.s3.us-west-2.amazonaws.com/bil-psc-data2/ace-low-bay/sm_output/genes,true,1
ace-low-bat,genes,single_molecule,https://merfisheyes-bil.s3.us-west-2.amazonaws.com/bil-psc-data2/ace-low-bat/sm_output/genes,true,1
ace-low-bar,genes,single_molecule,https://merfisheyes-bil.s3.us-west-2.amazonaws.com/bil-psc-data2/ace-low-bar/sm_output/genes,true,1
ace-low-ban,genes,single_molecule,https://merfisheyes-bil.s3.us-west-2.amazonaws.com/bil-psc-data2/ace-low-ban/sm_output/genes,true,1
ace-low-bag,genes,single_molecule,https://merfisheyes-bil.s3.us-west-2.amazonaws.com/bil-psc-data2/ace-low-bag/sm_output/genes,true,1
ace-low-bad,genes,single_molecule,https://merfisheyes-bil.s3.us-west-2.amazonaws.com/bil-psc-data2/ace-low-bad/sm_output/genes,true,1
ace-low-ask,genes,single_molecule,https://merfisheyes-bil.s3.us-west-2.amazonaws.com/bil-psc-data2/ace-low-ask/sm_output/genes,true,1
ace-low-ash,genes,single_molecule,https://merfisheyes-bil.s3.us-west-2.amazonaws.com/bil-psc-data2/ace-low-ash/sm_output/genes,true,1
ace-low-art,genes,single_molecule,https://merfisheyes-bil.s3.us-west-2.amazonaws.com/bil-psc-data2/ace-low-art/sm_output/genes,true,1
ace-low-arm,genes,single_molecule,https://merfisheyes-bil.s3.us-west-2.amazonaws.com/bil-psc-data2/ace-low-arm/sm_output/genes,true,1
ace-low-ape,genes,single_molecule,https://merfisheyes-bil.s3.us-west-2.amazonaws.com/bil-psc-data2/ace-low-ape/sm_output/genes,true,1
ace-low-ant,genes,single_molecule,https://merfisheyes-bil.s3.us-west-2.amazonaws.com/bil-psc-data2/ace-low-ant/sm_output/genes,true,1
ace-low-and,genes,single_molecule,https://merfisheyes-bil.s3.us-west-2.amazonaws.com/bil-psc-data2/ace-low-and/sm_output/genes,true,1
ace-low-air,genes,single_molecule,https://merfisheyes-bil.s3.us-west-2.amazonaws.com/bil-psc-data2/ace-low-air/sm_output/genes,true,1
ace-low-aim,genes,single_molecule,https://merfisheyes-bil.s3.us-west-2.amazonaws.com/bil-psc-data2/ace-low-aim/sm_output/genes,true,1
ace-low-age,genes,single_molecule,https://merfisheyes-bil.s3.us-west-2.amazonaws.com/bil-psc-data2/ace-low-age/sm_output/genes,true,1
ace-low-add,genes,single_molecule,https://merfisheyes-bil.s3.us-west-2.amazonaws.com/bil-psc-data2/ace-low-add/sm_output/genes,true,1
ace-low-act,genes,single_molecule,https://merfisheyes-bil.s3.us-west-2.amazonaws.com/bil-psc-data2/ace-low-act/sm_output/genes,true,1
ace-low-ace,genes,single_molecule,https://merfisheyes-bil.s3.us-west-2.amazonaws.com/bil-psc-data2/ace-low-ace/sm_output/genes,true,1
ace-low-zip,genes,single_molecule,https://merfisheyes-bil.s3.us-west-2.amazonaws.com/bil-psc-data2/ace-low-zip/sm_output/genes,true,1
ace-lot-all,genes,single_molecule,https://merfisheyes-bil.s3.us-west-2.amazonaws.com/bil-psc-data2/ace-lot-all/sm_output/genes,true,1
ace-lot-zoo,genes,single_molecule,https://merfisheyes-bil.s3.us-west-2.amazonaws.com/bil-psc-data2/ace-lot-zoo/sm_output/genes,true,1
ace-lot-yet,genes,single_molecule,https://merfisheyes-bil.s3.us-west-2.amazonaws.com/bil-psc-data2/ace-lot-yet/sm_output/genes,true,1
ace-lot-yes,genes,single_molecule,https://merfisheyes-bil.s3.us-west-2.amazonaws.com/bil-psc-data2/ace-lot-yes/sm_output/genes,true,1
ace-lot-wit,genes,single_molecule,https://merfisheyes-bil.s3.us-west-2.amazonaws.com/bil-psc-data2/ace-lot-wit/sm_output/genes,true,1
ace-lot-win,genes,single_molecule,https://merfisheyes-bil.s3.us-west-2.amazonaws.com/bil-psc-data2/ace-lot-win/sm_output/genes,true,1
ace-lot-wig,genes,single_molecule,https://merfisheyes-bil.s3.us-west-2.amazonaws.com/bil-psc-data2/ace-lot-wig/sm_output/genes,true,1
ace-lot-who,genes,single_molecule,https://merfisheyes-bil.s3.us-west-2.amazonaws.com/bil-psc-data2/ace-lot-who/sm_output/genes,true,1
ace-lot-wet,genes,single_molecule,https://merfisheyes-bil.s3.us-west-2.amazonaws.com/bil-psc-data2/ace-lot-wet/sm_output/genes,true,1
ace-lot-web,genes,single_molecule,https://merfisheyes-bil.s3.us-west-2.amazonaws.com/bil-psc-data2/ace-lot-web/sm_output/genes,true,1
ace-dud-was,QM23.50.001.CX.46.04.13,single_molecule,https://merfisheyes-bil.s3.us-west-2.amazonaws.com/bil-psc-data2/ace-dud-was/sm_output/QM23.50.001.CX.46.04.13,false,24
ace-dud-was,QM23.50.001.CX.46.04.11,single_molecule,https://merfisheyes-bil.s3.us-west-2.amazonaws.com/bil-psc-data2/ace-dud-was/sm_output/QM23.50.001.CX.46.04.11,false,24
ace-dud-was,QM23.50.001.CX.46.04.09,single_molecule,https://merfisheyes-bil.s3.us-west-2.amazonaws.com/bil-psc-data2/ace-dud-was/sm_output/QM23.50.001.CX.46.04.09,false,24
ace-dud-was,QM23.50.001.CX.46.04.07,single_molecule,https://merfisheyes-bil.s3.us-west-2.amazonaws.com/bil-psc-data2/ace-dud-was/sm_output/QM23.50.001.CX.46.04.07,false,24
ace-dud-was,QM23.50.001.CX.46.04.05,single_molecule,https://merfisheyes-bil.s3.us-west-2.amazonaws.com/bil-psc-data2/ace-dud-was/sm_output/QM23.50.001.CX.46.04.05,false,24
ace-dud-was,QM23.50.001.CX.46.04.03,single_molecule,https://merfisheyes-bil.s3.us-west-2.amazonaws.com/bil-psc-data2/ace-dud-was/sm_output/QM23.50.001.CX.46.04.03,false,24
ace-dud-was,QM23.50.001.CX.46.04.01,single_molecule,https://merfisheyes-bil.s3.us-west-2.amazonaws.com/bil-psc-data2/ace-dud-was/sm_output/QM23.50.001.CX.46.04.01,false,24
ace-dud-was,QM23.50.001.CX.46.03.11,single_molecule,https://merfisheyes-bil.s3.us-west-2.amazonaws.com/bil-psc-data2/ace-dud-was/sm_output/QM23.50.001.CX.46.03.11,false,24
ace-dud-was,QM23.50.001.CX.46.03.09,single_molecule,https://merfisheyes-bil.s3.us-west-2.amazonaws.com/bil-psc-data2/ace-dud-was/sm_output/QM23.50.001.CX.46.03.09,false,24
ace-dud-was,QM23.50.001.CX.46.03.07,single_molecule,https://merfisheyes-bil.s3.us-west-2.amazonaws.com/bil-psc-data2/ace-dud-was/sm_output/QM23.50.001.CX.46.03.07,false,24
ace-dud-was,QM23.50.001.CX.46.03.05,single_molecule,https://merfisheyes-bil.s3.us-west-2.amazonaws.com/bil-psc-data2/ace-dud-was/sm_output/QM23.50.001.CX.46.03.05,false,24
ace-dud-was,QM23.50.001.CX.46.03.03,single_molecule,https://merfisheyes-bil.s3.us-west-2.amazonaws.com/bil-psc-data2/ace-dud-was/sm_output/QM23.50.001.CX.46.03.03,false,24
ace-dud-was,QM23.50.001.CX.46.03.01,single_molecule,https://merfisheyes-bil.s3.us-west-2.amazonaws.com/bil-psc-data2/ace-dud-was/sm_output/QM23.50.001.CX.46.03.01,false,24
ace-dud-was,QM23.50.001.CX.46.02.11,single_molecule,https://merfisheyes-bil.s3.us-west-2.amazonaws.com/bil-psc-data2/ace-dud-was/sm_output/QM23.50.001.CX.46.02.11,false,24
ace-dud-was,QM23.50.001.CX.46.02.09,single_molecule,https://merfisheyes-bil.s3.us-west-2.amazonaws.com/bil-psc-data2/ace-dud-was/sm_output/QM23.50.001.CX.46.02.09,false,24
ace-dud-was,QM23.50.001.CX.46.02.05,single_molecule,https://merfisheyes-bil.s3.us-west-2.amazonaws.com/bil-psc-data2/ace-dud-was/sm_output/QM23.50.001.CX.46.02.05,false,24
ace-dud-was,QM23.50.001.CX.46.02.03,single_molecule,https://merfisheyes-bil.s3.us-west-2.amazonaws.com/bil-psc-data2/ace-dud-was/sm_output/QM23.50.001.CX.46.02.03,false,24
ace-dud-was,QM23.50.001.CX.46.02.01,single_molecule,https://merfisheyes-bil.s3.us-west-2.amazonaws.com/bil-psc-data2/ace-dud-was/sm_output/QM23.50.001.CX.46.02.01,false,24
ace-dud-was,QM23.50.001.CX.46.01.11,single_molecule,https://merfisheyes-bil.s3.us-west-2.amazonaws.com/bil-psc-data2/ace-dud-was/sm_output/QM23.50.001.CX.46.01.11,false,24
ace-dud-was,QM23.50.001.CX.46.01.09,single_molecule,https://merfisheyes-bil.s3.us-west-2.amazonaws.com/bil-psc-data2/ace-dud-was/sm_output/QM23.50.001.CX.46.01.09,false,24
ace-dud-was,QM23.50.001.CX.46.01.07,single_molecule,https://merfisheyes-bil.s3.us-west-2.amazonaws.com/bil-psc-data2/ace-dud-was/sm_output/QM23.50.001.CX.46.01.07,false,24
ace-dud-was,QM23.50.001.CX.46.01.05,single_molecule,https://merfisheyes-bil.s3.us-west-2.amazonaws.com/bil-psc-data2/ace-dud-was/sm_output/QM23.50.001.CX.46.01.05,false,24
ace-dud-was,QM23.50.001.CX.46.01.03,single_molecule,https://merfisheyes-bil.s3.us-west-2.amazonaws.com/bil-psc-data2/ace-dud-was/sm_output/QM23.50.001.CX.46.01.03,false,24
ace-dud-was,QM23.50.001.CX.46.01.01,single_molecule,https://merfisheyes-bil.s3.us-west-2.amazonaws.com/bil-psc-data2/ace-dud-was/sm_output/QM23.50.001.CX.46.01.01,false,24
ace-dud-war,1403801621,single_molecule,https://merfisheyes-bil.s3.us-west-2.amazonaws.com/bil-psc-data2/ace-dud-war/sm_output/1403801621,false,37
ace-dud-war,1403801606,single_molecule,https://merfisheyes-bil.s3.us-west-2.amazonaws.com/bil-psc-data2/ace-dud-war/sm_output/1403801606,false,37
ace-dud-war,1403801587,single_molecule,https://merfisheyes-bil.s3.us-west-2.amazonaws.com/bil-psc-data2/ace-dud-war/sm_output/1403801587,false,37
ace-dud-war,1403801565,single_molecule,https://merfisheyes-bil.s3.us-west-2.amazonaws.com/bil-psc-data2/ace-dud-war/sm_output/1403801565,false,37
ace-dud-war,1403801546,single_molecule,https://merfisheyes-bil.s3.us-west-2.amazonaws.com/bil-psc-data2/ace-dud-war/sm_output/1403801546,false,37
ace-dud-war,1403801528,single_molecule,https://merfisheyes-bil.s3.us-west-2.amazonaws.com/bil-psc-data2/ace-dud-war/sm_output/1403801528,false,37
ace-dud-war,1403801516,single_molecule,https://merfisheyes-bil.s3.us-west-2.amazonaws.com/bil-psc-data2/ace-dud-war/sm_output/1403801516,false,37
ace-dud-war,1403801504,single_molecule,https://merfisheyes-bil.s3.us-west-2.amazonaws.com/bil-psc-data2/ace-dud-war/sm_output/1403801504,false,37
ace-dud-war,1403801492,single_molecule,https://merfisheyes-bil.s3.us-west-2.amazonaws.com/bil-psc-data2/ace-dud-war/sm_output/1403801492,false,37
ace-dud-war,1403801480,single_molecule,https://merfisheyes-bil.s3.us-west-2.amazonaws.com/bil-psc-data2/ace-dud-war/sm_output/1403801480,false,37
ace-dud-war,1403801471,single_molecule,https://merfisheyes-bil.s3.us-west-2.amazonaws.com/bil-psc-data2/ace-dud-war/sm_output/1403801471,false,37
ace-dud-war,1403801459,single_molecule,https://merfisheyes-bil.s3.us-west-2.amazonaws.com/bil-psc-data2/ace-dud-war/sm_output/1403801459,false,37
ace-dud-war,1403801456,single_molecule,https://merfisheyes-bil.s3.us-west-2.amazonaws.com/bil-psc-data2/ace-dud-war/sm_output/1403801456,false,37
ace-dud-war,1403801446,single_molecule,https://merfisheyes-bil.s3.us-west-2.amazonaws.com/bil-psc-data2/ace-dud-war/sm_output/1403801446,false,37
ace-dud-war,1403801443,single_molecule,https://merfisheyes-bil.s3.us-west-2.amazonaws.com/bil-psc-data2/ace-dud-war/sm_output/1403801443,false,37
ace-dud-war,1403800905,single_molecule,https://merfisheyes-bil.s3.us-west-2.amazonaws.com/bil-psc-data2/ace-dud-war/sm_output/1403800905,false,37
ace-dud-war,1403800890,single_molecule,https://merfisheyes-bil.s3.us-west-2.amazonaws.com/bil-psc-data2/ace-dud-war/sm_output/1403800890,false,37
ace-dud-war,1403800880,single_molecule,https://merfisheyes-bil.s3.us-west-2.amazonaws.com/bil-psc-data2/ace-dud-war/sm_output/1403800880,false,37
ace-dud-war,1403800865,single_molecule,https://merfisheyes-bil.s3.us-west-2.amazonaws.com/bil-psc-data2/ace-dud-war/sm_output/1403800865,false,37
ace-dud-war,1403800856,single_molecule,https://merfisheyes-bil.s3.us-west-2.amazonaws.com/bil-psc-data2/ace-dud-war/sm_output/1403800856,false,37
ace-dud-war,1403800841,single_molecule,https://merfisheyes-bil.s3.us-west-2.amazonaws.com/bil-psc-data2/ace-dud-war/sm_output/1403800841,false,37
ace-dud-war,1403800832,single_molecule,https://merfisheyes-bil.s3.us-west-2.amazonaws.com/bil-psc-data2/ace-dud-war/sm_output/1403800832,false,37
ace-dud-war,1403800820,single_molecule,https://merfisheyes-bil.s3.us-west-2.amazonaws.com/bil-psc-data2/ace-dud-war/sm_output/1403800820,false,37
ace-dud-war,1403800808,single_molecule,https://merfisheyes-bil.s3.us-west-2.amazonaws.com/bil-psc-data2/ace-dud-war/sm_output/1403800808,false,37
ace-dud-war,1403800796,single_molecule,https://merfisheyes-bil.s3.us-west-2.amazonaws.com/bil-psc-data2/ace-dud-war/sm_output/1403800796,false,37
ace-dud-war,1403800780,single_molecule,https://merfisheyes-bil.s3.us-west-2.amazonaws.com/bil-psc-data2/ace-dud-war/sm_output/1403800780,false,37
ace-dud-war,1403800771,single_molecule,https://merfisheyes-bil.s3.us-west-2.amazonaws.com/bil-psc-data2/ace-dud-war/sm_output/1403800771,false,37
ace-dud-war,1403800759,single_molecule,https://merfisheyes-bil.s3.us-west-2.amazonaws.com/bil-psc-data2/ace-dud-war/sm_output/1403800759,false,37
ace-dud-war,1403800744,single_molecule,https://merfisheyes-bil.s3.us-west-2.amazonaws.com/bil-psc-data2/ace-dud-war/sm_output/1403800744,false,37
ace-dud-war,1403800731,single_molecule,https://merfisheyes-bil.s3.us-west-2.amazonaws.com/bil-psc-data2/ace-dud-war/sm_output/1403800731,false,37
ace-dud-war,1403800719,single_molecule,https://merfisheyes-bil.s3.us-west-2.amazonaws.com/bil-psc-data2/ace-dud-war/sm_output/1403800719,false,37
ace-dud-war,1403800701,single_molecule,https://merfisheyes-bil.s3.us-west-2.amazonaws.com/bil-psc-data2/ace-dud-war/sm_output/1403800701,false,37
ace-dud-war,1403800686,single_molecule,https://merfisheyes-bil.s3.us-west-2.amazonaws.com/bil-psc-data2/ace-dud-war/sm_output/1403800686,false,37
ace-dud-war,1403800665,single_molecule,https://merfisheyes-bil.s3.us-west-2.amazonaws.com/bil-psc-data2/ace-dud-war/sm_output/1403800665,false,37
ace-dud-war,1403800649,single_molecule,https://merfisheyes-bil.s3.us-west-2.amazonaws.com/bil-psc-data2/ace-dud-war/sm_output/1403800649,false,37
ace-dud-war,1403800609,single_molecule,https://merfisheyes-bil.s3.us-west-2.amazonaws.com/bil-psc-data2/ace-dud-war/sm_output/1403800609,false,37
ace-dud-war,1403800272,single_molecule,https://merfisheyes-bil.s3.us-west-2.amazonaws.com/bil-psc-data2/ace-dud-war/sm_output/1403800272,false,37
ace-dud-wag,QM23.50.001.CX.44.04.09,single_molecule,https://merfisheyes-bil.s3.us-west-2.amazonaws.com/bil-psc-data2/ace-dud-wag/sm_output/QM23.50.001.CX.44.04.09,false,20
ace-dud-wag,QM23.50.001.CX.44.04.07,single_molecule,https://merfisheyes-bil.s3.us-west-2.amazonaws.com/bil-psc-data2/ace-dud-wag/sm_output/QM23.50.001.CX.44.04.07,false,20
ace-dud-wag,QM23.50.001.CX.44.04.05,single_molecule,https://merfisheyes-bil.s3.us-west-2.amazonaws.com/bil-psc-data2/ace-dud-wag/sm_output/QM23.50.001.CX.44.04.05,false,20
ace-dud-wag,QM23.50.001.CX.44.04.03,single_molecule,https://merfisheyes-bil.s3.us-west-2.amazonaws.com/bil-psc-data2/ace-dud-wag/sm_output/QM23.50.001.CX.44.04.03,false,20
ace-dud-wag,QM23.50.001.CX.44.04.01,single_molecule,https://merfisheyes-bil.s3.us-west-2.amazonaws.com/bil-psc-data2/ace-dud-wag/sm_output/QM23.50.001.CX.44.04.01,false,20
ace-dud-wag,QM23.50.001.CX.44.03.09,single_molecule,https://merfisheyes-bil.s3.us-west-2.amazonaws.com/bil-psc-data2/ace-dud-wag/sm_output/QM23.50.001.CX.44.03.09,false,20
ace-dud-wag,QM23.50.001.CX.44.03.07,single_molecule,https://merfisheyes-bil.s3.us-west-2.amazonaws.com/bil-psc-data2/ace-dud-wag/sm_output/QM23.50.001.CX.44.03.07,false,20
ace-dud-wag,QM23.50.001.CX.44.03.05,single_molecule,https://merfisheyes-bil.s3.us-west-2.amazonaws.com/bil-psc-data2/ace-dud-wag/sm_output/QM23.50.001.CX.44.03.05,false,20
ace-dud-wag,QM23.50.001.CX.44.03.03,single_molecule,https://merfisheyes-bil.s3.us-west-2.amazonaws.com/bil-psc-data2/ace-dud-wag/sm_output/QM23.50.001.CX.44.03.03,false,20
ace-dud-wag,QM23.50.001.CX.44.03.01,single_molecule,https://merfisheyes-bil.s3.us-west-2.amazonaws.com/bil-psc-data2/ace-dud-wag/sm_output/QM23.50.001.CX.44.03.01,false,20
ace-dud-wag,QM23.50.001.CX.44.02.09,single_molecule,https://merfisheyes-bil.s3.us-west-2.amazonaws.com/bil-psc-data2/ace-dud-wag/sm_output/QM23.50.001.CX.44.02.09,false,20
ace-dud-wag,QM23.50.001.CX.44.02.07,single_molecule,https://merfisheyes-bil.s3.us-west-2.amazonaws.com/bil-psc-data2/ace-dud-wag/sm_output/QM23.50.001.CX.44.02.07,false,20
ace-dud-wag,QM23.50.001.CX.44.02.05,single_molecule,https://merfisheyes-bil.s3.us-west-2.amazonaws.com/bil-psc-data2/ace-dud-wag/sm_output/QM23.50.001.CX.44.02.05,false,20
ace-dud-wag,QM23.50.001.CX.44.02.03,single_molecule,https://merfisheyes-bil.s3.us-west-2.amazonaws.com/bil-psc-data2/ace-dud-wag/sm_output/QM23.50.001.CX.44.02.03,false,20
ace-dud-wag,QM23.50.001.CX.44.02.01,single_molecule,https://merfisheyes-bil.s3.us-west-2.amazonaws.com/bil-psc-data2/ace-dud-wag/sm_output/QM23.50.001.CX.44.02.01,false,20
ace-dud-wag,QM23.50.001.CX.44.01.09,single_molecule,https://merfisheyes-bil.s3.us-west-2.amazonaws.com/bil-psc-data2/ace-dud-wag/sm_output/QM23.50.001.CX.44.01.09,false,20
ace-dud-wag,QM23.50.001.CX.44.01.07,single_molecule,https://merfisheyes-bil.s3.us-west-2.amazonaws.com/bil-psc-data2/ace-dud-wag/sm_output/QM23.50.001.CX.44.01.07,false,20
ace-dud-wag,QM23.50.001.CX.44.01.05,single_molecule,https://merfisheyes-bil.s3.us-west-2.amazonaws.com/bil-psc-data2/ace-dud-wag/sm_output/QM23.50.001.CX.44.01.05,false,20
ace-dud-wag,QM23.50.001.CX.44.01.03,single_molecule,https://merfisheyes-bil.s3.us-west-2.amazonaws.com/bil-psc-data2/ace-dud-wag/sm_output/QM23.50.001.CX.44.01.03,false,20
ace-dud-wag,QM23.50.001.CX.44.01.01,single_molecule,https://merfisheyes-bil.s3.us-west-2.amazonaws.com/bil-psc-data2/ace-dud-wag/sm_output/QM23.50.001.CX.44.01.01,false,20
ace-dud-vow,QM23.50.001.CX.43.03.13,single_molecule,https://merfisheyes-bil.s3.us-west-2.amazonaws.com/bil-psc-data2/ace-dud-vow/sm_output/QM23.50.001.CX.43.03.13,false,20
ace-dud-vow,QM23.50.001.CX.43.03.11,single_molecule,https://merfisheyes-bil.s3.us-west-2.amazonaws.com/bil-psc-data2/ace-dud-vow/sm_output/QM23.50.001.CX.43.03.11,false,20
ace-dud-vow,QM23.50.001.CX.43.03.09,single_molecule,https://merfisheyes-bil.s3.us-west-2.amazonaws.com/bil-psc-data2/ace-dud-vow/sm_output/QM23.50.001.CX.43.03.09,false,20
ace-dud-vow,QM23.50.001.CX.43.03.07,single_molecule,https://merfisheyes-bil.s3.us-west-2.amazonaws.com/bil-psc-data2/ace-dud-vow/sm_output/QM23.50.001.CX.43.03.07,false,20
ace-dud-vow,QM23.50.001.CX.43.03.05,single_molecule,https://merfisheyes-bil.s3.us-west-2.amazonaws.com/bil-psc-data2/ace-dud-vow/sm_output/QM23.50.001.CX.43.03.05,false,20
ace-dud-vow,QM23.50.001.CX.43.03.03,single_molecule,https://merfisheyes-bil.s3.us-west-2.amazonaws.com/bil-psc-data2/ace-dud-vow/sm_output/QM23.50.001.CX.43.03.03,false,20
ace-dud-vow,QM23.50.001.CX.43.03.01,single_molecule,https://merfisheyes-bil.s3.us-west-2.amazonaws.com/bil-psc-data2/ace-dud-vow/sm_output/QM23.50.001.CX.43.03.01,false,20
ace-dud-vow,QM23.50.001.CX.43.02.11,single_molecule,https://merfisheyes-bil.s3.us-west-2.amazonaws.com/bil-psc-data2/ace-dud-vow/sm_output/QM23.50.001.CX.43.02.11,false,20
ace-dud-vow,QM23.50.001.CX.43.02.09,single_molecule,https://merfisheyes-bil.s3.us-west-2.amazonaws.com/bil-psc-data2/ace-dud-vow/sm_output/QM23.50.001.CX.43.02.09,false,20
ace-dud-vow,QM23.50.001.CX.43.02.07,single_molecule,https://merfisheyes-bil.s3.us-west-2.amazonaws.com/bil-psc-data2/ace-dud-vow/sm_output/QM23.50.001.CX.43.02.07,false,20
ace-dud-vow,QM23.50.001.CX.43.02.05,single_molecule,https://merfisheyes-bil.s3.us-west-2.amazonaws.com/bil-psc-data2/ace-dud-vow/sm_output/QM23.50.001.CX.43.02.05,false,20
ace-dud-vow,QM23.50.001.CX.43.02.03,single_molecule,https://merfisheyes-bil.s3.us-west-2.amazonaws.com/bil-psc-data2/ace-dud-vow/sm_output/QM23.50.001.CX.43.02.03,false,20
ace-dud-vow,QM23.50.001.CX.43.02.01,single_molecule,https://merfisheyes-bil.s3.us-west-2.amazonaws.com/bil-psc-data2/ace-dud-vow/sm_output/QM23.50.001.CX.43.02.01,false,20
ace-dud-vow,QM23.50.001.CX.43.01.13,single_molecule,https://merfisheyes-bil.s3.us-west-2.amazonaws.com/bil-psc-data2/ace-dud-vow/sm_output/QM23.50.001.CX.43.01.13,false,20
ace-dud-vow,QM23.50.001.CX.43.01.11,single_molecule,https://merfisheyes-bil.s3.us-west-2.amazonaws.com/bil-psc-data2/ace-dud-vow/sm_output/QM23.50.001.CX.43.01.11,false,20
ace-dud-vow,QM23.50.001.CX.43.01.09,single_molecule,https://merfisheyes-bil.s3.us-west-2.amazonaws.com/bil-psc-data2/ace-dud-vow/sm_output/QM23.50.001.CX.43.01.09,false,20
ace-dud-vow,QM23.50.001.CX.43.01.07,single_molecule,https://merfisheyes-bil.s3.us-west-2.amazonaws.com/bil-psc-data2/ace-dud-vow/sm_output/QM23.50.001.CX.43.01.07,false,20
ace-dud-vow,QM23.50.001.CX.43.01.05,single_molecule,https://merfisheyes-bil.s3.us-west-2.amazonaws.com/bil-psc-data2/ace-dud-vow/sm_output/QM23.50.001.CX.43.01.05,false,20
ace-dud-vow,QM23.50.001.CX.43.01.03,single_molecule,https://merfisheyes-bil.s3.us-west-2.amazonaws.com/bil-psc-data2/ace-dud-vow/sm_output/QM23.50.001.CX.43.01.03,false,20
ace-dud-vow,QM23.50.001.CX.43.01.01,single_molecule,https://merfisheyes-bil.s3.us-west-2.amazonaws.com/bil-psc-data2/ace-dud-vow/sm_output/QM23.50.001.CX.43.01.01,false,20
ace-dud-vex,QM23.50.001.CX.42.02.07,single_molecule,https://merfisheyes-bil.s3.us-west-2.amazonaws.com/bil-psc-data2/ace-dud-vex/sm_output/QM23.50.001.CX.42.02.07,false,8
ace-dud-vex,QM23.50.001.CX.42.02.05,single_molecule,https://merfisheyes-bil.s3.us-west-2.amazonaws.com/bil-psc-data2/ace-dud-vex/sm_output/QM23.50.001.CX.42.02.05,false,8
ace-dud-vex,QM23.50.001.CX.42.02.03,single_molecule,https://merfisheyes-bil.s3.us-west-2.amazonaws.com/bil-psc-data2/ace-dud-vex/sm_output/QM23.50.001.CX.42.02.03,false,8
ace-dud-vex,QM23.50.001.CX.42.02.01,single_molecule,https://merfisheyes-bil.s3.us-west-2.amazonaws.com/bil-psc-data2/ace-dud-vex/sm_output/QM23.50.001.CX.42.02.01,false,8
ace-dud-vex,QM23.50.001.CX.42.01.07,single_molecule,https://merfisheyes-bil.s3.us-west-2.amazonaws.com/bil-psc-data2/ace-dud-vex/sm_output/QM23.50.001.CX.42.01.07,false,8
ace-dud-vex,QM23.50.001.CX.42.01.05,single_molecule,https://merfisheyes-bil.s3.us-west-2.amazonaws.com/bil-psc-data2/ace-dud-vex/sm_output/QM23.50.001.CX.42.01.05,false,8
ace-dud-vex,QM23.50.001.CX.42.01.03,single_molecule,https://merfisheyes-bil.s3.us-west-2.amazonaws.com/bil-psc-data2/ace-dud-vex/sm_output/QM23.50.001.CX.42.01.03,false,8
ace-dud-vex,QM23.50.001.CX.42.01.01,single_molecule,https://merfisheyes-bil.s3.us-west-2.amazonaws.com/bil-psc-data2/ace-dud-vex/sm_output/QM23.50.001.CX.42.01.01,false,8
